"p","Method","Selection","lambda","Test MSE"
20,"ridge","Test-grid oracle",0.132792433465283,4.39906248222737
20,"ridge","5-fold CV minimum",0.236711498465207,4.42044605166898
20,"ridge","5-fold CV 1-SE",1.06399361050768,4.86288311978153
20,"ridge","10-fold CV minimum",0.132792433465283,4.39906248222737
20,"ridge","10-fold CV 1-SE",1.34077971253321,5.02943444462422
20,"lasso","Test-grid oracle",0.00269246631155371,4.53194192932468
20,"lasso","5-fold CV minimum",0.137171298174609,4.75141931237466
20,"lasso","5-fold CV 1-SE",0.528490648942005,5.23713927110055
20,"lasso","10-fold CV minimum",0.0897765331251757,4.69914235705193
20,"lasso","10-fold CV 1-SE",0.64079529708238,5.39766008943531
100,"ridge","Test-grid oracle",0.262328370961317,4.5383905812768
100,"ridge","5-fold CV minimum",0.371084553750032,4.55383295603189
100,"ridge","5-fold CV 1-SE",3.74676951328373,6.3266529899424
100,"ridge","10-fold CV minimum",0.371084553750032,4.55383295603189
100,"ridge","10-fold CV 1-SE",2.10189468837997,5.57401117427946
100,"lasso","Test-grid oracle",0.0681686110383774,4.43700590770478
100,"lasso","5-fold CV minimum",0.24315639747818,4.67529808437753
100,"lasso","5-fold CV 1-SE",0.973634962415681,6.22719171792954
100,"lasso","10-fold CV minimum",0.216608998997244,4.63733424437426
100,"lasso","10-fold CV 1-SE",0.802997424392047,5.83492382431339
200,"ridge","Test-grid oracle",0.993340861629429,5.48109006535781
200,"ridge","5-fold CV minimum",0.393935083694388,5.9132605948552
200,"ridge","5-fold CV 1-SE",1.98771232636454,5.75140137433621
200,"ridge","10-fold CV minimum",0.442215403029545,5.81588742884067
200,"ridge","10-fold CV 1-SE",1.98771232636454,5.75140137433621
200,"lasso","Test-grid oracle",0.305095490834731,4.00993906567486
200,"lasso","5-fold CV minimum",0.261511133021394,4.02376514126072
200,"lasso","5-fold CV 1-SE",0.932806229103309,5.24009342937013
200,"lasso","10-fold CV minimum",0.224153010282209,4.04932873318955
200,"lasso","10-fold CV 1-SE",0.79955037419534,4.90540120213501
