"mu","lambda_0.1","lambda_1","lambda_5","lambda_10"
-15,1.01,2,26,100.999998376807
-14.975,1.01,2,26,100.999998147477
-14.95,1.01,2,26,100.999997886993
-14.925,1.01,2,26,100.9999975913
-14.9,1.01,2,26,100.999997255846
-14.875,1.01,2,26,100.999996875512
-14.85,1.01,2,26,100.999996444557
-14.825,1.01,2,26,100.999995956539
-14.8,1.01,2,26,100.999995404238
-14.775,1.01,2,26,100.999994779563
-14.75,1.01,2,26,100.99999407346
-14.725,1.01,2,26,100.999993275797
-14.7,1.01,2,26,100.999992375248
-14.675,1.01,2,26,100.999991359156
-14.65,1.01,2,26,100.999990213392
-14.625,1.01,2,26,100.999988922186
-14.6,1.01,2,26,100.999987467959
-14.575,1.01,2,26,100.999985831116
-14.55,1.01,2,26,100.999983989839
-14.525,1.01,2,26,100.999981919846
-14.5,1.01,2,26,100.999979594132
-14.475,1.01,2,26,100.999976982683
-14.45,1.01,2,26,100.999974052164
-14.425,1.01,2,26,100.999970765574
-14.4,1.01,2,26,100.999967081871
-14.375,1.01,2,26,100.99996295556
-14.35,1.01,2,26,100.999958336248
-14.325,1.01,2,26,100.999953168146
-14.3,1.01,2,26,100.999947389536
-14.275,1.01,2,26,100.99994093219
-14.25,1.01,2,26,100.999933720726
-14.225,1.01,2,26,100.999925671918
-14.2,1.01,2,26,100.999916693941
-14.175,1.01,2,26,100.999906685549
-14.15,1.01,2,26,100.99989553518
-14.125,1.01,2,26,100.999883119993
-14.1,1.01,2,26,100.999869304813
-14.075,1.01,2,26,100.999853940994
-14.05,1.01,2,26,100.999836865185
-14.025,1.01,2,26,100.999817897997
-14,1.01,2,26,100.999796842556
-13.975,1.01,2,26,100.999773482949
-13.95,1.01,2,26,100.999747582541
-13.925,1.01,2,26,100.999718882153
-13.9,1.01,2,26,100.999687098116
-13.875,1.01,2,26,100.999651920156
-13.85,1.01,2,26,100.999613009135
-13.825,1.01,2,26,100.999569994609
-13.8,1.01,2,26,100.999522472215
-13.775,1.01,2,26,100.999470000862
-13.75,1.01,2,26,100.999412099722
-13.725,1.01,2,26,100.999348244999
-13.7,1.01,2,26,100.999277866483
-13.675,1.01,2,26,100.999200343853
-13.65,1.01,2,26,100.999115002732
-13.625,1.01,2,26,100.999021110476
-13.6,1.01,2,26,100.998917871679
-13.575,1.01,2,26,100.998804423384
-13.55,1.01,2,26,100.998679829987
-13.525,1.01,2,26,100.99854307781
-13.5,1.01,2,26,100.998393069338
-13.475,1.01,2,26,100.998228617099
-13.45,1.01,2,26,100.998048437168
-13.425,1.01,2,26,100.997851142285
-13.4,1.01,2,26,100.997635234569
-13.375,1.01,2,26,100.99739909781
-13.35,1.01,2,26,100.997140989315
-13.325,1.01,2,26,100.996859031316
-13.3,1.01,2,26,100.996551201886
-13.275,1.01,2,26,100.996215325384
-13.25,1.01,2,26,100.995849062391
-13.225,1.01,2,26,100.99544989912
-13.2,1.01,2,26,100.995015136299
-13.175,1.01,2,26,100.994541877503
-13.15,1.01,2,26,100.994027016915
-13.125,1.01,2,26,100.993467226518
-13.1,1.01,2,26,100.992858942687
-13.075,1.01,2,26,100.992198352186
-13.05,1.01,2,26,100.991481377543
-13.025,1.01,2,26,100.990703661808
-13,1.01,2,26,100.989860552676
-12.975,1.01,2,26,100.988947085968
-12.95,1.01,2,26,100.987957968469
-12.925,1.01,2,26,100.986887560123
-12.9,1.01,2,26,100.985729855565
-12.875,1.01,2,26,100.984478465014
-12.85,1.01,2,26,100.983126594512
-12.825,1.01,2,26,100.981667025518
-12.8,1.01,2,26,100.980092093872
-12.775,1.01,2,26,100.978393668122
-12.75,1.01,2,26,100.976563127247
-12.725,1.01,2,26,100.974591337769
-12.7,1.01,2,26,100.972468630298
-12.675,1.01,2,26,100.970184775501
-12.65,1.01,2,26,100.967728959553
-12.625,1.01,2,26,100.965089759068
-12.6,1.01,2,25.9999999999999,100.962255115569
-12.575,1.01,2,25.9999999999999,100.959212309506
-12.55,1.01,2,25.9999999999999,100.955947933889
-12.525,1.01,2,25.9999999999999,100.952447867557
-12.5,1.01,2,25.9999999999999,100.948697248144
-12.475,1.01,2,25.9999999999999,100.944680444786
-12.45,1.01,2,25.9999999999998,100.940381030636
-12.425,1.01,2,25.9999999999998,100.935781755228
-12.4,1.01,2,25.9999999999998,100.930864516777
-12.375,1.01,2,25.9999999999997,100.925610334469
-12.35,1.01,2,25.9999999999997,100.919999320814
-12.325,1.01,2,25.9999999999996,100.914010654147
-12.3,1.01,2,25.9999999999995,100.907622551352
-12.275,1.01,2,25.9999999999994,100.900812240903
-12.25,1.01,2,25.9999999999993,100.893555936295
-12.225,1.01,2,25.9999999999992,100.885828809973
-12.2,1.01,2,25.999999999999,100.877604967859
-12.175,1.01,2,25.9999999999988,100.868857424563
-12.15,1.01,2,25.9999999999986,100.859558079387
-12.125,1.01,2,25.9999999999983,100.849677693245
-12.1,1.01,2,25.9999999999979,100.83918586659
-12.075,1.01,2,25.9999999999975,100.828051018464
-12.05,1.01,2,25.999999999997,100.8162403668
-12.025,1.01,2,25.9999999999964,100.803719910081
-12,1.01,2,25.9999999999957,100.790454410482
-11.975,1.01,2,25.9999999999949,100.776407378603
-11.95,1.01,2,25.9999999999939,100.761541059943
-11.925,1.01,2,25.9999999999927,100.745816423202
-11.9,1.01,2,25.9999999999913,100.729193150562
-11.875,1.01,2,25.9999999999896,100.711629630054
-11.85,1.01,2,25.9999999999876,100.693082950134
-11.825,1.01,2,25.9999999999852,100.673508896593
-11.8,1.01,2,25.9999999999823,100.652861951919
-11.775,1.01,2,25.999999999979,100.631095297212
-11.75,1.01,2,25.999999999975,100.608160816789
-11.725,1.01,2,25.9999999999703,100.584009105564
-11.7,1.01,2,25.9999999999647,100.558589479326
-11.675,1.01,2,25.999999999958,100.531849987998
-11.65,1.01,2,25.9999999999501,100.503737431988
-11.625,1.01,2,25.9999999999409,100.474197381711
-11.6,1.01,2,25.9999999999299,100.443174200361
-11.575,1.01,2,25.9999999999169,100.410611070016
-11.55,1.01,2,25.9999999999016,100.376450021142
-11.525,1.01,2,25.9999999998835,100.340631965545
-11.5,1.01,2,25.9999999998622,100.303096732835
-11.475,1.01,2,25.9999999998371,100.263783110432
-11.45,1.01,2,25.9999999998076,100.222628887146
-11.425,1.01,2,25.9999999997728,100.179570900359
-11.4,1.01,2,25.9999999997319,100.134545086805
-11.375,1.01,2,25.9999999996839,100.08748653696
-11.35,1.01,2,25.9999999996274,100.038329553017
-11.325,1.01,2,25.9999999995612,99.9870077104288
-11.3,1.01,2,25.9999999994835,99.9334539229717
-11.275,1.01,2,25.9999999993923,99.8776005112887
-11.25,1.01,2,25.9999999992855,99.8193792748423
-11.225,1.01,2,25.9999999991605,99.7587215672013
-11.2,1.01,2,25.9999999990142,99.6955583745744
-11.175,1.01,2,25.9999999988431,99.6298203974846
-11.15,1.01,2,25.999999998643,99.56143813547
-11.125,1.01,2,25.9999999984094,99.490341974681
-11.1,1.01,2,25.9999999981366,99.4164622782323
-11.075,1.01,2,25.9999999978184,99.3397294791532
-11.05,1.01,2,25.9999999974474,99.2600741757692
-11.025,1.01,2,25.9999999970151,99.1774272293353
-11,1.01,2,25.9999999965117,99.0917198637271
-10.975,1.01,2,25.9999999959258,99.0028837669881
-10.95,1.01,2,25.9999999952444,98.9108511945166
-10.925,1.01,2,25.9999999944523,98.8155550736688
-10.9,1.01,2,25.9999999935323,98.7169291095418
-10.875,1.01,2,25.9999999924641,98.614907891692
-10.85,1.01,2,25.9999999912248,98.5094270015379
-10.825,1.01,2,25.9999999897878,98.4004231201849
-10.8,1.01,2,25.9999999881227,98.2878341364055
-10.775,1.01,2,25.9999999861944,98.1715992545026
-10.75,1.01,2,25.9999999839625,98.0516591017759
-10.725,1.01,2,25.9999999813811,97.9279558353098
-10.7,1.01,2,25.999999978397,97.8004332477973
-10.675,1.01,2,25.9999999749497,97.6690368721127
-10.65,1.01,2,25.9999999709698,97.5337140843434
-10.625,1.01,2,25.9999999663776,97.3944142049932
-10.6,1.01,2,25.9999999610823,97.2510885980698
-10.575,1.01,2,25.99999995498,97.1036907677709
-10.55,1.01,2,25.9999999479519,96.9521764524886
-10.525,1.01,2,25.9999999398627,96.7965037158532
-10.5,1.01,2,25.9999999305578,96.6366330345472
-10.475,1.01,2,25.9999999198611,96.4725273826234
-10.45,1.01,2,25.9999999075719,96.304152312071
-10.425,1.01,2,25.9999998934617,96.1314760293824
-10.4,1.01,2,25.9999998772708,95.9544694678823
-10.375,1.01,2,25.9999998587036,95.7731063555924
-10.35,1.01,2,25.9999998374244,95.5873632784176
-10.325,1.01,2,25.9999998130521,95.3972197384509
-10.3,1.01,2,25.999999785154,95.2026582072096
-10.275,1.01,2,25.9999997532398,95.003664173629
-10.25,1.01,2,25.9999997167536,94.8002261866554
-10.225,1.01,2,25.999999675066,94.5923358922959
-10.2,1.01,2,25.9999996274646,94.3799880650009
-10.175,1.01,2,25.9999995731436,94.1631806332692
-10.15,1.01,2,25.9999995111926,93.9419146993872
-10.125,1.01,2,25.9999994405829,93.7161945532288
-10.1,1.01,2,25.9999993601535,93.4860276800623
-10.075,1.01,2,25.9999992685948,93.2514247623302
-10.05,1.01,2,25.9999991644305,93.0123996753854
-10.025,1.01,2,25.9999990459976,92.7689694771857
-10,1.01,2,25.9999989114236,92.5211543919714
-9.975,1.01,2,25.9999987586022,92.2689777879638
-9.95,1.01,2,25.9999985851649,92.0124661491473
-9.925,1.01,2,25.999998388451,91.7516490412112
-9.9,1.01,2,25.9999981654726,91.4865590717491
-9.875,1.01,2,25.9999979128772,91.2172318448307
-9.85,1.01,2,25.9999976269055,90.9437059100758
-9.825,1.01,2,25.9999973033447,90.6660227063819
-9.8,1.01,2,25.9999969374772,90.384226500468
-9.775,1.01,2,25.9999965240235,90.0983643204155
-9.75,1.01,2,25.9999960570789,89.8084858844014
-9.725,1.01,2,25.9999955300444,89.5146435248324
-9.7,1.01,2,25.9999949355494,89.216892108102
-9.675,1.01,2,25.9999942653673,88.9152889502037
-9.65,1.01,2,25.9999935103219,88.6098937284462
-9.625,1.01,2,25.999992660185,88.300768389526
-9.6,1.01,2,25.999991703563,87.9879770542196
-9.575,1.01,2,25.9999906277726,87.6715859189702
-9.55,1.01,2,25.9999894187044,87.3516631546457
-9.525,1.01,2,25.999988060673,87.0282788027532
-9.5,1.01,2,25.9999865362522,86.7015046694005
-9.475,1.01,2,25.9999848260953,86.3714142172955
-9.45,1.01,2,25.9999829087373,86.0380824560796
-9.425,1.01,2,25.9999807603792,85.7015858312922
-9.4,1.01,2,25.9999783546515,85.36200211226
-9.375,1.01,2,25.9999756623566,85.0194102792093
-9.35,1.01,2,25.9999726511866,84.6738904098925
-9.325,1.01,2,25.9999692854165,84.3255235660193
-9.3,1.01,2,25.9999655255685,83.9743916797783
-9.275,1.01,2,25.999961328048,83.6205774407288
-9.25,1.01,2,25.9999566447458,83.2641641833379
-9.225,1.01,2,25.9999514226066,82.9052357754295
-9.2,1.01,2,25.9999456031602,82.5438765078039
-9.175,1.01,2,25.9999391220113,82.180170985279
-9.15,1.01,2,25.9999319082881,81.8142040193937
-9.125,1.01,2,25.9999238840424,81.4460605230041
-9.1,1.01,2,25.9999149636015,81.0758254069913
-9.075,1.01,2,25.9999050528664,80.7035834792909
-9.05,1.01,2,25.9998940485526,80.3294193464382
-9.025,1.01,2,25.9998818373705,79.9534173178145
-9,1.01,2,25.9998682951401,79.5756613127654
-8.975,1.01,2,25.9998532858368,79.1962347707473
-8.95,1.01,1.99999999999999,25.9998366605626,78.8152205646491
-8.925,1.01,2,25.9998182564385,78.4327009174178
-8.9,1.01,2,25.9997978954128,78.0487573221065
-8.875,1.01,1.99999999999999,25.9997753829809,77.6634704654474
-8.85,1.01,2,25.9997505068089,77.2769201550399
-8.825,1.01,2,25.9997230352585,76.8891852502294
-8.8,1.01,1.99999999999999,25.9996927158036,76.500343596739
-8.775,1.01,1.99999999999999,25.9996592733359,76.1104719651033
-8.75,1.01,1.99999999999999,25.9996224083504,75.7196459929396
-8.725,1.01,1.99999999999998,25.9995817950054,75.327940131079
-8.7,1.01,1.99999999999998,25.9995370790499,74.9354275935678
-8.675,1.01,1.99999999999998,25.9994878756121,74.5421803115372
-8.65,1.01,1.99999999999998,25.9994337668394,74.1482688909258
-8.625,1.01,1.99999999999997,25.9993742993854,73.7537625740319
-8.6,1.01,1.99999999999996,25.9993089817344,73.3587292048563
-8.575,1.01,1.99999999999996,25.9992372813556,72.9632351981916
-8.55,1.01,1.99999999999995,25.99915862168,72.5673455123987
-8.525,1.01,1.99999999999994,25.9990723788913,72.1711236258069
-8.5,1.01,1.99999999999993,25.9989778785223,71.7746315166607
-8.475,1.01,1.99999999999992,25.9988743918489,71.377929646532
-8.45,1.01,1.99999999999989,25.998761132074,70.9810769471066
-8.425,1.01,1.99999999999987,25.9986372502911,70.5841308102476
-8.4,1.01,1.99999999999985,25.998501831221,70.1871470812325
-8.375,1.01,1.99999999999982,25.9983538887128,69.7901800550545
-8.35,1.01,1.99999999999978,25.9981923609997,69.3932824756734
-8.325,1.01,1.99999999999973,25.9980161057034,68.9965055380985
-8.3,1.01,1.99999999999968,25.9978238945774,68.5998988931798
-8.275,1.01,1.99999999999961,25.9976144079826,68.2035106549828
-8.25,1.01,1.99999999999954,25.9973862290863,67.8073874106181
-8.225,1.01,1.99999999999944,25.997137837779,67.4115742323964
-8.2,1.01,1.99999999999933,25.9968676043003,67.0161146921761
-8.175,1.01,1.99999999999919,25.9965737825689,66.6210508777721
-8.15,1.01,1.99999999999903,25.9962545032096,66.2264234112929
-8.125,1.01,1.99999999999883,25.9959077662726,65.8322714692728
-8.1,1.01,1.99999999999861,25.9955314336394,65.4386328044667
-8.075,1.01,1.99999999999833,25.9951232211114,65.0455437691786
-8.05,1.00999999999999,1.999999999998,25.994680690179,64.6530393399924
-8.025,1.01,1.99999999999761,25.9942012394653,64.2611531437773
-8,1.01,1.99999999999714,25.9936820958468,63.8699174848452
-7.975,1.01,1.99999999999657,25.9931203052465,63.4793633731342
-7.95,1.01,1.99999999999591,25.9925127231025,63.0895205533008
-7.925,1.00999999999999,1.99999999999512,25.9918560045118,62.7004175346043
-7.9,1.00999999999999,1.99999999999418,25.9911465940519,62.3120816214694
-7.875,1.00999999999999,1.99999999999305,25.9903807152858,61.9245389446192
-7.85,1.00999999999999,1.99999999999172,25.9895543599533,61.5378144926724
-7.825,1.00999999999999,1.99999999999014,25.9886632768569,61.1519321441052
-7.8,1.00999999999998,1.99999999998826,25.98770296045,60.7669146994792
-7.775,1.00999999999999,1.99999999998604,25.9866686391373,60.3827839138451
-7.75,1.00999999999999,1.99999999998341,25.9855552632988,59.9995605292328
-7.725,1.00999999999998,1.99999999998029,25.9843574930509,59.6172643071452
-7.7,1.00999999999997,1.99999999997659,25.9830696857601,59.2359140609777
-7.675,1.00999999999997,1.99999999997222,25.9816858833245,58.855527688289
-7.65,1.00999999999997,1.99999999996706,25.9801997992456,58.4761222028529
-7.625,1.00999999999996,1.99999999996097,25.9786048055075,58.0977137664292
-7.6,1.00999999999995,1.99999999995376,25.9768939192889,57.7203177201903
-7.575,1.00999999999994,1.99999999994527,25.9750597895335,57.3439486157511
-7.55,1.00999999999992,1.99999999993525,25.9730946834043,56.9686202457491
-7.525,1.00999999999991,1.99999999992346,25.9709904726529,56.5943456739292
-7.5,1.00999999999989,1.99999999990956,25.9687386199351,56.221137264691
-7.475,1.00999999999987,1.9999999998932,25.9663301651074,55.8490067120602
-7.45,1.00999999999985,1.99999999987397,25.9637557115395,55.4779650680499
-7.425,1.00999999999982,1.99999999985137,25.9610054124829,55.1080227703836
-7.4,1.00999999999978,1.99999999982481,25.9580689575353,54.7391896695506
-7.375,1.00999999999973,1.99999999979363,25.9549355592448,54.3714750551748
-7.35,1.00999999999968,1.99999999975706,25.9515939398974,54.0048876816755
-7.325,1.00999999999961,1.99999999971418,25.9480323185377,53.6394357932053
-7.3,1.00999999999954,1.99999999966394,25.9442383982698,53.2751271478536
-7.275,1.00999999999944,1.99999999960509,25.9401993538913,52.9119690411047
-7.25,1.00999999999933,1.99999999953624,25.9359018199127,52.5499683285455
-7.225,1.00999999999919,1.99999999945571,25.9313318790183,52.1891314478182
-7.2,1.00999999999904,1.99999999936159,25.9264750510248,51.8294644398166
-7.175,1.00999999999885,1.99999999925165,25.9213162823956,51.4709729691281
-7.15,1.00999999999862,1.99999999912331,25.9158399363718,51.1136623437234
-7.125,1.00999999999836,1.99999999897358,25.9100297837793,50.7575375339004
-7.1,1.00999999999804,1.99999999879901,25.9038689945752,50.4026031904883
-7.075,1.00999999999766,1.99999999859561,25.8973401301966,50.0488636623222
-7.05,1.00999999999721,1.99999999835875,25.8904251367746,49.6963230129976
-7.025,1.00999999999667,1.99999999808312,25.8831053392775,49.344985036917
-7,1.00999999999603,1.99999999776256,25.8753614366499,48.9948532746418
-6.975,1.00999999999528,1.99999999738998,25.8671734980079,48.6459310275641
-6.95,1.00999999999438,1.9999999969572,25.858520959959,48.2982213719129
-6.925,1.00999999999332,1.99999999645482,25.8493826251068,47.9517271721118
-6.9,1.00999999999207,1.999999995872,25.8397366618052,47.606451093504
-6.875,1.00999999999059,1.99999999519629,25.8295606052224,47.2623956144628
-6.85,1.00999999998883,1.99999999441337,25.818831359777,46.9195630379063
-6.825,1.00999999998676,1.99999999350679,25.807525203002,46.5779555022324
-6.8,1.00999999998431,1.99999999245768,25.7956177908951,46.2375749916956
-6.775,1.00999999998141,1.99999999124437,25.7830841648097,45.898423346243
-6.75,1.009999999978,1.99999998984205,25.7698987599369,45.5605022708278
-6.725,1.00999999997399,1.99999998822228,25.7560354154273,45.2238133442224
-6.7,1.00999999996925,1.9999999863525,25.7414673861993,44.888358027347
-6.675,1.00999999996367,1.99999998419548,25.7261673564735,44.5541376711338
-6.65,1.00999999995711,1.99999998170862,25.7101074550728,44.2211535239476
-6.625,1.00999999994939,1.99999997884328,25.6932592725199,43.8894067385778
-6.6,1.00999999994033,1.99999997554392,25.6755938799626,43.5588983788238
-6.575,1.00999999992969,1.99999997174715,25.6570818499501,43.2296294256896
-6.55,1.00999999991719,1.9999999673807,25.6376932790796,42.9016007832066
-6.525,1.00999999990254,1.99999996236223,25.6173978125256,42.5748132839012
-6.5,1.00999999988537,1.99999995659794,25.5961646704612,42.2492676939251
-6.475,1.00999999986526,1.99999994998114,25.5739626763723,41.9249647178637
-6.45,1.00999999984171,1.99999994239045,25.5507602872602,41.6019050032402
-6.425,1.00999999981417,1.99999993368796,25.5265256257215,41.2800891447298
-6.4,1.00999999978197,1.99999992371703,25.5012265138897,40.9595176880992
-6.375,1.00999999974435,1.99999991229987,25.4748305092119,40.6401911338872
-6.35,1.00999999970043,1.99999989923487,25.4473049420314,40.3221099408393
-6.325,1.00999999964917,1.99999988429347,25.4186169549373,40.0052745291106
-6.3,1.00999999958941,1.99999986721684,25.3887335438368,39.6896852832495
-6.275,1.00999999951977,1.99999984771195,25.3576216006968,39.3753425549757
-6.25,1.00999999943867,1.99999982544738,25.3252479578968,39.0622466657637
-6.225,1.00999999934427,1.99999980004847,25.2915794341251,38.7503979092434
-6.2,1.00999999923448,1.99999977109201,25.2565828817461,38.4397965534301
-6.175,1.00999999910686,1.99999973810023,25.2202252355561,38.1304428427922
-6.15,1.00999999895861,1.99999970053414,25.1824735628425,37.8223370001687
-6.125,1.00999999878652,1.99999965778613,25.1432951146489,37.5154792285448
-6.1,1.00999999858687,1.99999960917163,25.1026573781476,37.2098697126955
-6.075,1.0099999983554,1.99999955391995,25.0605281300105,36.905508620705
-6.05,1.00999999808719,1.99999949116397,25.0168754906647,36.6023961053712
-6.025,1.00999999777664,1.99999941992878,24.9716679793147,36.3005323055011
-6,1.00999999741728,1.999999339119,24.924874569604,35.9999173471069
-5.975,1.0099999970017,1.99999924750471,24.8764647457874,35.7005513445081
-5.95,1.00999999652143,1.99999914370589,24.8264085592779,35.4024344013458
-5.925,1.00999999596673,1.99999902617514,24.7746766854289,35.1055666115171
-5.9,1.00999999532649,1.99999889317853,24.7212404804085,34.8099480600334
-5.875,1.009999994588,1.99999874277447,24.666072038018,34.5155788238094
-5.85,1.00999999373671,1.99999857279028,24.609144246305,34.2224589723872
-5.825,1.00999999275604,1.99999838079637,24.5504308438189,33.9305885686003
-5.8,1.00999999162704,1.99999816407769,24.4899064753531,33.6399676691831
-5.775,1.00999999032811,1.99999791960224,24.4275467470196,33.3505963253277
-5.75,1.00999998883462,1.99999764398641,24.3633282804975,33.0624745831943
-5.725,1.00999998711854,1.99999733345677,24.2972287663001,32.7756024843781
-5.7,1.00999998514797,1.99999698380801,24.2292270159034,32.489980066335
-5.675,1.00999998288661,1.99999659035673,24.1593030125797,32.2056073627711
-5.65,1.00999998029322,1.99999614789065,24.0874379607844,31.9224844039978
-5.625,1.00999997732095,1.99999565061289,24.0136143339426,31.6406112172549
-5.6,1.00999997391666,1.99999509208073,23.9378159204873,31.3599878270056
-5.575,1.00999997002003,1.99999446513868,23.8600278680051,31.0806142552049
-5.55,1.00999996556275,1.99999376184501,23.7802367253465,30.8024905215432
-5.525,1.00999996046742,1.99999297339145,23.6984304825661,30.5256166436683
-5.5,1.00999995464645,1.99999209001536,23.6145986085603,30.2499926373864
-5.475,1.00999994800078,1.99999110090378,23.5287320862792,29.9756185168449
-5.45,1.00999994041845,1.99998999408869,23.4408234453918,29.702494294698
-5.425,1.00999993177301,1.9999887563328,23.3508667922942,29.4306199822566
-5.4,1.00999992192176,1.99998737300504,23.2588578373568,29.159995589624
-5.375,1.00999991070375,1.99998582794503,23.1647939193128,28.8906211258191
-5.35,1.00999989793758,1.99998410331559,23.0686740267016,28.6224965988871
-5.325,1.00999988341896,1.99998217944244,22.9704988162872,28.3556220159997
-5.3,1.00999986691797,1.99998003464009,22.8702706283817,28.0899973835462
-5.275,1.00999984817604,1.99997764502289,22.7679934990137,27.8256227072144
-5.25,1.00999982690257,1.99997498430015,22.6636731688912,27.5624979920645
-5.225,1.00999980277119,1.99997202355415,22.5573170891181,27.3006232425953
-5.2,1.00999977541563,1.99996873099997,22.4489344236337,27.0399984628039
-5.175,1.00999974442516,1.99996507172561,22.3385360483564,26.7806236562392
-5.15,1.00999970933944,1.99996100741126,22.2261345470215,26.5224988260498
-5.125,1.00999966964298,1.99995649602622,22.1117442037139,26.2656239750277
-5.1,1.00999962475891,1.99995149150199,21.9953809921094,26.0099991056466
-5.075,1.00999957404212,1.99994594337994,21.8770625614449,25.7556242200973
-5.05,1.0099995167717,1.99993979643196,21.7568082192522,25.502499320318
-5.025,1.00999945214267,1.99993299025242,21.6346389108983,25.2506244080229
-5,1.00999937925672,1.99992545881959,21.5105771959857,24.9999994847267
-4.975,1.00999929711221,1.99991713002469,21.3846472216764,24.7506245517672
-4.95,1.00999920459302,1.99990792516669,21.2568746930141,24.5024996103247
-4.925,1.0099991004564,1.99989775841081,21.1272868403258,24.2556246614406
-4.9,1.00999898331956,1.99988653620874,20.9959123837963,24.0099997060324
-4.875,1.00999885164505,1.9998741566783,20.8627814953158,23.7656247449082
-4.85,1.00999870372469,1.99986050894057,20.72792575771,23.5224997787793
-4.825,1.00999853766195,1.99984547241201,20.5913781214691,23.2806248082714
-4.8,1.00999835135275,1.99982891604944,20.4531728591008,23.0399998339344
-4.775,1.00999814246447,1.9998106975454,20.3133455172376,22.8006248562513
-4.75,1.00999790841294,1.99979066247153,20.1719328666372,22.5624998756462
-4.725,1.00999764633748,1.99976864336752,20.028972850217,22.3256248924909
-4.7,1.00999735307359,1.9997444587732,19.8845045292741,22.0899999071114
-4.675,1.00999702512328,1.99971791220107,19.73856802804,21.8556249197935
-4.65,1.00999665862277,1.99968879104706,19.5912044767303,21.622499930787
-4.625,1.00999624930737,1.99965686543664,19.4424559532464,21.3906249403109
-4.6,1.00999579247337,1.99962188700409,19.2923654236941,21.1599999485563
-4.575,1.00999528293671,1.99958358760212,19.1409766818821,20.9306249556903
-4.55,1.00999471498816,1.99954167793959,18.9883342879665,20.7024999618588
-4.525,1.00999408234478,1.99949584614476,18.8344835064091,20.475624967189
-4.5,1.00999337809746,1.99944575625173,18.6794702434136,20.249999971792
-4.475,1.00999259465419,1.99939104660782,18.5233409840083,20.0256249757643
-4.45,1.0099917236788,1.99933132819955,18.3661427289376,19.8024999791903
-4.425,1.00999075602497,1.99926618289529,18.2079229315265,19.5806249821432
-4.4,1.00998968166497,1.99919516160244,18.0487294346776,19.3599999846867
-4.375,1.00998848961314,1.9991177823375,17.8886104081587,19.1406249868761
-4.35,1.0099871678434,1.99903352820724,17.7276142863335,18.9224999887596
-4.325,1.00998570320082,1.99894184529959,17.5657897064863,18.7056249903788
-4.3,1.00998408130658,1.99884214048306,17.4031854478844,18.48999999177
-4.275,1.00998228645617,1.9987337791137,17.2398503717191,18.2756249929644
-4.25,1.00998030151026,1.99861608264887,17.0758333620594,18.0624999939893
-4.225,1.00997810777811,1.99848832616743,16.9111832679465,17.8506249948681
-4.2,1.00997568489275,1.99834973579642,16.7459488467515,17.6399999956212
-4.175,1.00997301067799,1.99819948604429,16.580178708913,17.4306249962661
-4.15,1.00997006100633,1.99803669704158,16.4139212641608,17.2224999968181
-4.125,1.00996680964787,1.99786043169009,16.2472246693301,17.0156249972902
-4.1,1.00996322810933,1.99766969272201,16.0801367778581,16.8099999976937
-4.075,1.0099592854631,1.99746341967127,15.912705091051,16.6056249980384
-4.05,1.00995494816574,1.99724048575936,15.7449767111995,16.4024999983326
-4.025,1.00995017986549,1.99699969469911,15.5769982966139,16.2006249985836
-4,1.00994494119849,1.99673977741967,15.4088160186423,15.9999999987976
-3.975,1.00993918957314,1.99645938871743,15.2404755207266,15.8006249989799
-3.95,1.0099328789424,1.99615710383741,15.0720218795445,15.6024999991351
-3.925,1.00992595956345,1.99583141499102,14.903499568275,15.4056249992672
-3.9,1.00991837774445,1.99548072781625,14.7349524220218,15.2099999993795
-3.875,1.00991007557806,1.99510335778753,14.5664236054153,15.0156249994749
-3.85,1.00990099066135,1.99469752658277,14.3979555824125,14.8224999995559
-3.825,1.00989105580186,1.9942613584164,14.2295900883009,14.6306249996247
-3.8,1.00988019870945,1.99379287634746,14.0613681039107,14.439999999683
-3.775,1.00986834167389,1.99328999857318,13.8933298320272,14.2506249997325
-3.75,1.00985540122782,1.99275053471872,13.7255146759941,14.0624999997743
-3.725,1.00984128779516,1.99217218213522,13.557961220487,13.8756249998098
-3.7,1.00982590532464,1.99155252221861,13.3907072144329,13.6899999998398
-3.675,1.00980915090873,1.99088901676278,13.2237895560457,13.5056249998651
-3.65,1.00979091438777,1.99017900436171,13.0572442799401,13.3224999998865
-3.625,1.00977107793957,1.98941969687549,12.8911065462839,13.1406249999046
-3.6,1.00974951565468,1.98860817597683,12.725410631941,12.9599999999198
-3.575,1.00972609309748,1.98774138979469,12.5601899235539,12.7806249999327
-3.55,1.0097006668537,1.98681614967306,12.3954769125124,12.6024999999435
-3.525,1.00967308406462,1.98582912706358,12.2313031917472,12.4256249999526
-3.5,1.00964318194872,1.98477685057139,12.0676994542867,12.2499999999603
-3.475,1.00961078731131,1.98365570317445,11.9046954935128,12.0756249999667
-3.45,1.00957571604311,1.98246191963743,11.7423202050445,11.9024999999722
-3.425,1.00953777260859,1.98119158414159,11.5806015901817,11.7306249999767
-3.4,1.00949674952529,1.97984062815317,11.4195667608342,11.5599999999805
-3.375,1.0094524268351,1.97840482855305,11.2592419458631,11.3906249999837
-3.35,1.00940457156915,1.9768798060511,11.099652498758,11.2224999999864
-3.325,1.00935293720755,1.97526102390915,10.9408229065745,11.0556249999887
-3.3,1.00929726313585,1.97354378699668,10.7827768000534,10.8899999999906
-3.275,1.00923727409983,1.97172324120402,10.6255369648461,10.7256249999921
-3.25,1.00917267966084,1.9697943732375,10.4691253537665,10.5624999999935
-3.225,1.00910317365368,1.96775201082183,10.3135630999944,10.4006249999946
-3.2,1.00902843364941,1.96559082333423,10.1588705311524,10.2399999999955
-3.175,1.0089481204256,1.96330532289542,10.0050671841808,10.0806249999962
-3.15,1.00886187744673,1.96088986594203,9.85217182093629,9.92249999999687
-3.125,1.00876933035747,1.95833865530468,9.70020244444104,9.76562499999741
-3.1,1.00867008649214,1.95564574281575,9.54917631570939,9.60999999999785
-3.075,1.00856373440327,1.95280503247006,9.39910997108348,9.45562499999822
-3.05,1.00844984341292,1.94981028416122,9.25001924000859,9.30249999999852
-3.025,1.00832796319007,1.94665511801536,9.10191926318226,9.15062499999877
-3,1.00819762335813,1.9433330193432,8.95482451101354,8.99999999999899
-2.975,1.00805833313611,1.93983734423014,8.80874880233026,8.85062499999916
-2.95,1.00790958101784,1.93616132578286,8.66370532327567,8.70249999999931
-2.925,1.00775083449315,1.93229808104964,8.51970664633732,8.55562499999943
-2.9,1.00758153981559,1.92824061862983,8.37676474945456,8.40999999999952
-2.875,1.00740112182093,1.92398184698643,8.23489103515305,8.26562499999961
-2.85,1.00720898380115,1.91951458347384,8.09409634965767,8.12249999999968
-2.825,1.00700450743856,1.9148315640907,7.95439100193823,7.98062499999974
-2.8,1.00678705280471,1.90992545396599,7.81578478264453,7.83999999999978
-2.775,1.00655595842897,1.9047888585839,7.67828698289064,7.70062499999981
-2.75,1.00631054144156,1.89941433575078,7.54190641285097,7.56249999999986
-2.725,1.00605009779593,1.89379440830505,7.40665142013302,7.42562499999988
-2.7,1.00577390257529,1.88792157756805,7.27252990789523,7.2899999999999
-2.675,1.00548121038816,1.8817883375313,7.1395493526801,7.15562499999991
-2.65,1.00517125585753,1.87538718977257,7.00771682193616,7.02249999999993
-2.625,1.00484325420857,1.8687106590903,6.87703899120454,6.89062499999995
-2.6,1.00449640195915,1.86175130984289,6.74752216094843,6.75999999999995
-2.575,1.00412987771772,1.85450176297599,6.61917227300646,6.63062499999996
-2.55,1.00374284309275,1.84695471371806,6.49199492665291,6.50249999999997
-2.525,1.00333444371763,1.8391029499209,6.36599539425035,6.37562499999997
-2.5,1.00290381039485,1.83093937101869,6.24117863648234,6.24999999999998
-2.475,1.00245006036293,1.82245700757569,6.11754931715585,6.12562499999998
-2.45,1.00197229868909,1.81364904138938,5.99511181756523,6.00249999999998
-2.425,1.00146961979053,1.80450882611256,5.87387025041128,5.88062499999998
-2.4,1.00094110908673,1.79502990835436,5.75382847327083,5.75999999999998
-2.375,1.00038584478444,1.78520604921705,5.63499010161413,5.64062499999999
-2.35,0.999802899797131,1.77503124622205,5.5173585213685,5.52249999999999
-2.325,0.999191343799609,1.76449975557563,5.40093690102875,5.40562499999999
-2.3,0.998550245418202,1.75360611472122,5.28572820331577,5.28999999999999
-2.275,0.997878674556413,1.74234516512268,5.17173519638624,5.17562499999999
-2.25,0.997175704855109,1.73071207521973,5.05896046459755,5.0625
-2.225,0.996440416285816,1.71870236349398,4.94740641883319,4.950625
-2.2,0.995671897874949,1.70631192158145,4.83707530639458,4.84
-2.175,0.99486925055609,1.6935370373649,4.72796922046665,4.73062499999999
-2.15,0.994031590146715,1.68037441797722,4.62009010916478,4.62249999999999
-2.125,0.993158050444973,1.66682121264475,4.51343978417197,4.515625
-2.1,0.992247786441363,1.65287503529784,4.40801992897526,4.41
-2.075,0.991299977639345,1.63853398687414,4.30383210671132,4.305625
-2.05,0.990313831478092,1.6237966772388,4.20087776763144,4.2025
-2.025,0.989288586849786,1.60866224664461,4.09915825619647,4.10062499999999
-2,0.988223517703015,1.59313038665416,3.99867481781305,4
-1.975,0.987117936723002,1.5772013604458,3.89942860522187,3.900625
-1.95,0.985971199078563,1.56087602242446,3.80142068455004,3.8025
-1.925,0.984782706224868,1.54415583705877,3.70465204103866,3.705625
-1.9,0.983551909750291,1.52704289686607,3.60912358445765,3.60999999999999
-1.875,0.982278315254818,1.50953993946746,3.51483615421939,3.515625
-1.85,0.980961486246736,1.4916503636361,3.42179052420302,3.4225
-1.825,0.979601048043597,1.47337824426325,3.32998740730105,3.330625
-1.8,0.978196691662732,1.45472834616791,3.23942745969987,3.24
-1.775,0.976748177685953,1.43570613667808,3.15011128490566,3.15062499999999
-1.75,0.975255340082466,1.41631779691366,3.06203943752704,3.0625
-1.725,0.97371808997345,1.39657023170373,2.97521242682543,2.975625
-1.7,0.972136419321279,1.37647107807367,2.88963072004432,2.89
-1.675,0.97051040452591,1.3560287122407,2.80529474552789,2.805625
-1.65,0.968840209910607,1.33525225506006,2.72220489563942,2.7225
-1.625,0.967126091078881,1.31415157586755,2.64036152948984,2.640625
-1.6,0.965368398124302,1.29273729466829,2.55976497548595,2.56
-1.575,0.963567578674739,1.27102078262584,2.48041553370826,2.480625
-1.55,0.961724180752504,1.24901416081028,2.40231347812734,2.4025
-1.525,0.959838855431989,1.22673029716866,2.32545905866784,2.325625
-1.5,0.95791235927647,1.20418280168609,2.24985250312875,2.25
-1.475,0.955945556536054,1.18138601971115,2.17549401896805,2.175625
-1.45,0.953939421089067,1.15835502342442,2.10238379495997,2.1025
-1.425,0.951895038109648,1.13510560143443,2.03052200273219,2.030625
-1.4,0.949813605444863,1.11165424649136,1.95990879819056,1.96
-1.375,0.947696434685328,1.08801814131394,1.89054432283807,1.890625
-1.35,0.945544951914099,1.06421514253162,1.82242870499494,1.8225
-1.325,0.943360698119456,1.04026376274931,1.75556206092604,1.755625
-1.3,0.941145329258193,1.01618315074857,1.68994449588172,1.69
-1.275,0.938900615957112,0.99199306984467,1.62557610505778,1.625625
-1.25,0.936628442841602,0.967713874425367,1.56245697448001,1.5625
-1.225,0.934330807481448,0.943366484702868,1.50058718181844,1.500625
-1.2,0.932009818945404,0.918972359716699,1.43996679713619,1.44
-1.175,0.929667695957525,0.894553468630891,1.38059588357747,1.380625
-1.15,0.927306764649757,0.870132260374746,1.32247449799911,1.3225
-1.125,0.924929455906965,0.845731631682143,1.26560269154971,1.265625
-1.1,0.922538302302191,0.821374893589796,1.20998051020014,1.21
-1.075,0.920135934621748,0.797085736460342,1.15560799522918,1.155625
-1.05,0.917725077981507,0.772888193601251,1.10248518366752,1.1025
-1.025,0.9153085475376,0.748806603555573,1.05061210870332,1.050625
-1,0.912889243796661,0.724865571145314,0.999988800052398,1
-0.975,0.910470147532587,0.70108992735273,0.950615284295684,0.950624999999999
-0.949999999999999,0.908054314318771,0.677504688129153,0.902491585186599,0.902499999999999
-0.924999999999999,0.905644868686665,0.654135012224899,0.855617723930747,0.855624999999998
-0.899999999999999,0.903244997923444,0.631006158137586,0.809993719440172,0.809999999999997
-0.875,0.900857945523479,0.608143440279582,0.765619588564259,0.765625
-0.85,0.898487004310167,0.585572184468384,0.722495346299211,0.722499999999999
-0.824999999999999,0.896135509246533,0.563317682846579,0.680621005977936,0.680624999999999
-0.799999999999999,0.893806829954807,0.541405148340399,0.639996579441947,0.639999999999998
-0.774999999999999,0.891504362966875,0.519859668768076,0.600622077196869,0.600624999999998
-0.75,0.889231523729201,0.49870616071092,0.562497508552964,0.5625
-0.725,0.886991738387356,0.477969323261467,0.525622881751955,0.525624999999999
-0.699999999999999,0.884788435376778,0.457673591764124,0.489998204081439,0.489999999999999
-0.674999999999999,0.88262503684775,0.4378430916644,0.45562348197791,0.455624999999999
-0.649999999999999,0.880504949953861,0.4185015925832,0.422498721119493,0.422499999999998
-0.625,0.878431558034313,0.39967246273261,0.390623926509301,0.390625
-0.6,0.876408211721477,0.381378623789244,0.359999102550281,0.36
-0.574999999999999,0.87443822000593,0.363642506340508,0.330624253112365,0.330624999999999
-0.549999999999999,0.872524841291936,0.346486006018041,0.30249938159262,0.302499999999999
-0.524999999999999,0.870671274476889,0.329930440431184,0.275624490969086,0.275624999999999
-0.5,0.868880650088628,0.313996507011584,0.249999583848905,0.25
-0.475,0.867156021514784,0.298704241877914,0.225624662511278,0.225625
-0.449999999999999,0.865500356358371,0.28407297982734,0.202499728945786,0.202499999999999
-0.424999999999999,0.863916527953737,0.270121315557565,0.180624784886498,0.180624999999999
-0.399999999999999,0.862407307076726,0.256867066220307,0.159999831842298,0.159999999999999
-0.375,0.86097535388242,0.244327235403744,0.140624871123821,0.140625
-0.35,0.859623210103254,0.232517978637801,0.122499903867302,0.1225
-0.324999999999999,0.858353291539475,0.221454570512371,0.105624931055692,0.105625
-0.299999999999999,0.857167880872959,0.21115137349433,0.0899999535372803,0.0899999999999994
-0.274999999999999,0.856069120834286,0.201621808524924,0.0756249720420867,0.0756249999999992
-0.25,0.855059007751685,0.192878327474442,0.0624999871962534,0.0625
-0.225,0.854139385509017,0.184932387526304,0.0506249995346166,0.0506249999999998
-0.199999999999999,0.853311939938383,0.177794427557656,0.0400000095116581,0.0399999999999997
-0.174999999999999,0.852578193671232,0.171473846578368,0.0306250175109685,0.0306249999999996
-0.149999999999999,0.851939501469957,0.165978984284964,0.0225000238533769,0.0224999999999996
-0.125,0.85139704606003,0.161317103780457,0.0156250288038576,0.015625
-0.0999999999999996,0.850951834480611,0.157494376505427,0.0100000325773161,0.00999999999999993
-0.0749999999999993,0.850604694969399,0.154515869419858,0.00562503534334772,0.00562499999999989
-0.0499999999999989,0.850356274395211,0.152385534469375,0.00250003723003136,0.00249999999999989
-0.0249999999999986,0.850207036249421,0.151106200363502,0.000625038326822855,0.000624999999999929
0,0.850157259204999,0.150679566687541,3.86865903751068e-08,2.90585539142527e-25
0.0250000000000004,0.850207036249421,0.151106200363502,0.000625038326822944,0.000625000000000018
0.0500000000000007,0.850356274395211,0.152385534469375,0.00250003723003154,0.00250000000000007
0.0750000000000011,0.850604694969399,0.154515869419859,0.00562503534334799,0.00562500000000016
0.100000000000001,0.850951834480611,0.157494376505427,0.0100000325773164,0.0100000000000003
0.125,0.85139704606003,0.161317103780457,0.0156250288038576,0.015625
0.15,0.851939501469957,0.165978984284964,0.0225000238533774,0.0225000000000001
0.175000000000001,0.852578193671232,0.171473846578369,0.0306250175109691,0.0306250000000002
0.200000000000001,0.853311939938383,0.177794427557656,0.0400000095116588,0.0400000000000004
0.225000000000001,0.854139385509017,0.184932387526305,0.0506249995346174,0.0506250000000006
0.25,0.855059007751685,0.192878327474442,0.0624999871962534,0.0625
0.275,0.856069120834286,0.201621808524924,0.0756249720420877,0.0756250000000002
0.300000000000001,0.857167880872959,0.211151373494331,0.0899999535372813,0.0900000000000004
0.325000000000001,0.858353291539475,0.221454570512372,0.105624931055694,0.105625000000001
0.350000000000001,0.859623210103254,0.232517978637802,0.122499903867303,0.122500000000001
0.375,0.86097535388242,0.244327235403744,0.140624871123821,0.140625
0.4,0.862407307076726,0.256867066220308,0.1599998318423,0.16
0.425000000000001,0.863916527953738,0.270121315557565,0.180624784886499,0.180625000000001
0.450000000000001,0.865500356358371,0.284072979827341,0.202499728945788,0.202500000000001
0.475000000000001,0.867156021514784,0.298704241877915,0.22562466251128,0.225625000000001
0.5,0.868880650088628,0.313996507011584,0.249999583848905,0.25
0.525,0.870671274476889,0.329930440431185,0.275624490969088,0.275625
0.550000000000001,0.872524841291936,0.346486006018042,0.302499381592622,0.302500000000001
0.575000000000001,0.87443822000593,0.363642506340509,0.330624253112367,0.330625000000001
0.600000000000001,0.876408211721477,0.381378623789245,0.359999102550283,0.360000000000002
0.625,0.878431558034313,0.39967246273261,0.390623926509301,0.390625
0.65,0.880504949953861,0.418501592583201,0.422498721119495,0.4225
0.675000000000001,0.88262503684775,0.437843091664401,0.455623481977913,0.455625000000001
0.700000000000001,0.884788435376778,0.457673591764125,0.489998204081442,0.490000000000001
0.725000000000001,0.886991738387356,0.477969323261469,0.525622881751958,0.525625000000002
0.75,0.889231523729201,0.49870616071092,0.562497508552964,0.5625
0.775,0.891504362966875,0.519859668768077,0.600622077196872,0.600625000000001
0.800000000000001,0.893806829954807,0.5414051483404,0.63999657944195,0.640000000000001
0.825000000000001,0.896135509246533,0.56331768284658,0.680621005977939,0.680625000000002
0.850000000000001,0.898487004310166,0.585572184468386,0.722495346299214,0.722500000000002
0.875,0.900857945523479,0.608143440279582,0.765619588564259,0.765625
0.9,0.903244997923444,0.631006158137588,0.809993719440175,0.810000000000001
0.925000000000001,0.905644868686665,0.654135012224901,0.85561772393075,0.855625000000001
0.950000000000001,0.908054314318771,0.677504688129155,0.902491585186603,0.902500000000002
0.975000000000001,0.910470147532587,0.701089927352732,0.950615284295688,0.950625000000003
1,0.912889243796661,0.724865571145314,0.999988800052398,1
1.025,0.9153085475376,0.748806603555576,1.05061210870332,1.050625
1.05,0.917725077981507,0.772888193601253,1.10248518366752,1.1025
1.075,0.920135934621748,0.797085736460342,1.15560799522918,1.155625
1.1,0.922538302302191,0.821374893589797,1.20998051020014,1.21
1.125,0.924929455906964,0.845731631682143,1.26560269154971,1.265625
1.15,0.927306764649757,0.87013226037475,1.32247449799912,1.3225
1.175,0.929667695957525,0.894553468630892,1.38059588357747,1.380625
1.2,0.932009818945404,0.918972359716699,1.43996679713619,1.44
1.225,0.934330807481448,0.94336648470287,1.50058718181845,1.500625
1.25,0.936628442841602,0.967713874425367,1.56245697448001,1.5625
1.275,0.938900615957113,0.991993069844673,1.62557610505778,1.62562500000001
1.3,0.941145329258193,1.01618315074857,1.68994449588172,1.69
1.325,0.943360698119456,1.04026376274931,1.75556206092604,1.755625
1.35,0.945544951914099,1.06421514253162,1.82242870499494,1.8225
1.375,0.947696434685328,1.08801814131394,1.89054432283807,1.890625
1.4,0.949813605444863,1.11165424649136,1.95990879819057,1.96000000000001
1.425,0.951895038109648,1.13510560143443,2.03052200273219,2.030625
1.45,0.953939421089067,1.15835502342442,2.10238379495997,2.1025
1.475,0.955945556536054,1.18138601971115,2.17549401896806,2.175625
1.5,0.95791235927647,1.20418280168609,2.24985250312875,2.25
1.525,0.959838855431989,1.22673029716866,2.32545905866785,2.32562500000001
1.55,0.961724180752504,1.24901416081029,2.40231347812734,2.4025
1.575,0.963567578674739,1.27102078262584,2.48041553370826,2.480625
1.6,0.965368398124303,1.29273729466829,2.55976497548595,2.56
1.625,0.967126091078881,1.31415157586755,2.64036152948984,2.640625
1.65,0.968840209910608,1.33525225506007,2.72220489563944,2.72250000000001
1.675,0.97051040452591,1.3560287122407,2.80529474552789,2.805625
1.7,0.972136419321279,1.37647107807367,2.88963072004432,2.89
1.725,0.97371808997345,1.39657023170373,2.97521242682543,2.975625
1.75,0.975255340082466,1.41631779691366,3.06203943752704,3.0625
1.775,0.976748177685953,1.43570613667808,3.15011128490568,3.15062500000001
1.8,0.978196691662732,1.45472834616791,3.23942745969987,3.24
1.825,0.979601048043597,1.47337824426325,3.32998740730105,3.330625
1.85,0.980961486246736,1.4916503636361,3.42179052420303,3.4225
1.875,0.982278315254818,1.50953993946746,3.51483615421939,3.515625
1.9,0.983551909750291,1.52704289686608,3.60912358445766,3.61000000000001
1.925,0.984782706224868,1.54415583705877,3.70465204103867,3.705625
1.95,0.985971199078563,1.56087602242446,3.80142068455004,3.8025
1.975,0.987117936723002,1.5772013604458,3.89942860522188,3.90062500000001
2,0.988223517703015,1.59313038665416,3.99867481781305,4
2.025,0.989288586849786,1.60866224664461,4.09915825619649,4.10062500000001
2.05,0.990313831478092,1.62379667723881,4.20087776763144,4.2025
2.075,0.991299977639346,1.63853398687414,4.30383210671132,4.305625
2.1,0.992247786441363,1.65287503529784,4.40801992897527,4.41000000000001
2.125,0.993158050444973,1.66682121264475,4.51343978417197,4.515625
2.15,0.994031590146715,1.68037441797723,4.62009010916479,4.62250000000001
2.175,0.99486925055609,1.6935370373649,4.72796922046666,4.730625
2.2,0.995671897874949,1.70631192158145,4.83707530639458,4.84
2.225,0.996440416285816,1.71870236349398,4.9474064188332,4.950625
2.25,0.997175704855109,1.73071207521973,5.05896046459755,5.0625
2.275,0.997878674556413,1.74234516512268,5.17173519638625,5.17562500000001
2.3,0.998550245418201,1.75360611472122,5.28572820331578,5.29
2.325,0.999191343799608,1.76449975557563,5.40093690102875,5.40562499999999
2.35,0.999802899797131,1.77503124622205,5.51735852136851,5.5225
2.375,1.00038584478444,1.78520604921705,5.63499010161413,5.64062499999999
2.4,1.00094110908673,1.79502990835436,5.75382847327085,5.76
2.425,1.00146961979053,1.80450882611256,5.87387025041129,5.88062499999999
2.45,1.00197229868909,1.81364904138938,5.99511181756523,6.00249999999998
2.475,1.00245006036293,1.82245700757569,6.11754931715586,6.12562499999999
2.5,1.00290381039485,1.83093937101869,6.24117863648234,6.24999999999998
2.525,1.00333444371763,1.8391029499209,6.36599539425036,6.37562499999999
2.55,1.00374284309275,1.84695471371806,6.49199492665292,6.50249999999998
2.575,1.00412987771772,1.85450176297599,6.61917227300646,6.63062499999996
2.6,1.00449640195915,1.86175130984289,6.74752216094844,6.75999999999996
2.625,1.00484325420857,1.8687106590903,6.87703899120454,6.89062499999995
2.65,1.00517125585753,1.87538718977257,7.00771682193618,7.02249999999995
2.675,1.00548121038816,1.8817883375313,7.13954935268011,7.15562499999992
2.7,1.00577390257529,1.88792157756805,7.27252990789523,7.2899999999999
2.725,1.00605009779593,1.89379440830505,7.40665142013303,7.42562499999989
2.75,1.00631054144156,1.89941433575078,7.54190641285097,7.56249999999986
2.775,1.00655595842897,1.9047888585839,7.67828698289066,7.70062499999983
2.8,1.00678705280471,1.90992545396599,7.81578478264454,7.83999999999979
2.825,1.00700450743856,1.9148315640907,7.95439100193823,7.98062499999974
2.85,1.00720898380115,1.91951458347384,8.09409634965767,8.12249999999969
2.875,1.00740112182093,1.92398184698643,8.23489103515304,8.26562499999961
2.9,1.00758153981559,1.92824061862983,8.37676474945458,8.40999999999955
2.925,1.00775083449315,1.93229808104964,8.51970664633733,8.55562499999944
2.95,1.00790958101784,1.93616132578286,8.66370532327567,8.70249999999931
2.975,1.00805833313611,1.93983734423014,8.80874880233027,8.85062499999917
3,1.00819762335813,1.9433330193432,8.95482451101354,8.99999999999899
3.025,1.00832796319007,1.94665511801536,9.10191926318228,9.15062499999879
3.05,1.00844984341292,1.94981028416122,9.25001924000859,9.30249999999853
3.075,1.00856373440327,1.95280503247006,9.39910997108348,9.45562499999822
3.1,1.00867008649214,1.95564574281575,9.5491763157094,9.60999999999786
3.125,1.00876933035747,1.95833865530468,9.70020244444104,9.76562499999741
3.15,1.00886187744673,1.96088986594203,9.85217182093631,9.92249999999689
3.175,1.0089481204256,1.96330532289542,10.0050671841808,10.0806249999962
3.2,1.00902843364941,1.96559082333423,10.1588705311524,10.2399999999955
3.225,1.00910317365368,1.96775201082183,10.3135630999944,10.4006249999946
3.25,1.00917267966084,1.9697943732375,10.4691253537665,10.5624999999935
3.275,1.00923727409983,1.97172324120402,10.6255369648461,10.7256249999922
3.3,1.00929726313585,1.97354378699668,10.7827768000534,10.8899999999906
3.325,1.00935293720756,1.97526102390915,10.9408229065745,11.0556249999887
3.35,1.00940457156915,1.9768798060511,11.099652498758,11.2224999999864
3.375,1.0094524268351,1.97840482855305,11.2592419458631,11.3906249999837
3.4,1.00949674952529,1.97984062815317,11.4195667608342,11.5599999999806
3.425,1.00953777260859,1.98119158414159,11.5806015901817,11.7306249999767
3.45,1.00957571604311,1.98246191963743,11.7423202050445,11.9024999999722
3.475,1.00961078731131,1.98365570317445,11.9046954935128,12.0756249999668
3.5,1.00964318194872,1.98477685057139,12.0676994542867,12.2499999999603
3.525,1.00967308406462,1.98582912706358,12.2313031917472,12.4256249999526
3.55,1.0097006668537,1.98681614967306,12.3954769125124,12.6024999999435
3.575,1.00972609309748,1.98774138979469,12.5601899235539,12.7806249999327
3.6,1.00974951565468,1.98860817597683,12.725410631941,12.9599999999198
3.625,1.00977107793957,1.98941969687549,12.8911065462839,13.1406249999046
3.65,1.00979091438777,1.9901790043617,13.0572442799401,13.3224999998865
3.675,1.00980915090873,1.99088901676278,13.2237895560457,13.5056249998651
3.7,1.00982590532464,1.99155252221861,13.3907072144329,13.6899999998398
3.725,1.00984128779516,1.99217218213522,13.557961220487,13.8756249998098
3.75,1.00985540122783,1.99275053471872,13.7255146759941,14.0624999997743
3.775,1.00986834167389,1.99328999857318,13.8933298320272,14.2506249997325
3.8,1.00988019870945,1.99379287634746,14.0613681039107,14.439999999683
3.825,1.00989105580186,1.9942613584164,14.2295900883009,14.6306249996247
3.85,1.00990099066135,1.99469752658277,14.3979555824125,14.822499999556
3.875,1.00991007557806,1.99510335778753,14.5664236054153,15.0156249994749
3.9,1.00991837774445,1.99548072781625,14.7349524220218,15.2099999993795
3.925,1.00992595956345,1.99583141499102,14.903499568275,15.4056249992672
3.95,1.0099328789424,1.99615710383741,15.0720218795445,15.6024999991351
3.975,1.00993918957314,1.99645938871743,15.2404755207267,15.8006249989799
4,1.00994494119849,1.99673977741967,15.4088160186423,15.9999999987976
4.025,1.00995017986549,1.9969996946991,15.5769982966139,16.2006249985836
4.05,1.00995494816574,1.99724048575936,15.7449767111995,16.4024999983326
4.075,1.0099592854631,1.99746341967127,15.912705091051,16.6056249980384
4.1,1.00996322810933,1.99766969272201,16.0801367778581,16.8099999976937
4.125,1.00996680964787,1.99786043169009,16.2472246693301,17.0156249972902
4.15,1.00997006100633,1.99803669704158,16.4139212641608,17.2224999968181
4.175,1.00997301067799,1.99819948604429,16.580178708913,17.4306249962662
4.2,1.00997568489275,1.99834973579642,16.7459488467516,17.6399999956212
4.225,1.00997810777811,1.99848832616743,16.9111832679465,17.8506249948681
4.25,1.00998030151027,1.99861608264887,17.0758333620594,18.0624999939893
4.275,1.00998228645617,1.9987337791137,17.2398503717192,18.2756249929644
4.3,1.00998408130658,1.99884214048306,17.4031854478844,18.48999999177
4.325,1.00998570320082,1.99894184529959,17.5657897064863,18.7056249903789
4.35,1.0099871678434,1.99903352820724,17.7276142863335,18.9224999887596
4.375,1.00998848961314,1.9991177823375,17.8886104081587,19.1406249868761
4.4,1.00998968166497,1.99919516160244,18.0487294346776,19.3599999846867
4.425,1.00999075602497,1.99926618289528,18.2079229315265,19.5806249821432
4.45,1.0099917236788,1.99933132819955,18.3661427289376,19.8024999791904
4.475,1.00999259465419,1.99939104660782,18.5233409840083,20.0256249757644
4.5,1.00999337809746,1.99944575625173,18.6794702434136,20.249999971792
4.525,1.00999408234478,1.99949584614476,18.8344835064091,20.475624967189
4.55,1.00999471498816,1.99954167793959,18.9883342879665,20.7024999618588
4.575,1.00999528293671,1.99958358760212,19.1409766818821,20.9306249556903
4.6,1.00999579247337,1.99962188700409,19.2923654236941,21.1599999485563
4.625,1.00999624930737,1.99965686543664,19.4424559532464,21.3906249403109
4.65,1.00999665862277,1.99968879104706,19.5912044767303,21.6224999307871
4.675,1.00999702512328,1.99971791220107,19.73856802804,21.8556249197935
4.7,1.00999735307359,1.9997444587732,19.8845045292741,22.0899999071115
4.725,1.00999764633748,1.99976864336752,20.0289728502171,22.3256248924909
4.75,1.00999790841294,1.99979066247153,20.1719328666372,22.5624998756462
4.775,1.00999814246447,1.9998106975454,20.3133455172376,22.8006248562514
4.8,1.00999835135276,1.99982891604945,20.4531728591008,23.0399998339345
4.825,1.00999853766195,1.99984547241201,20.5913781214691,23.2806248082715
4.85,1.00999870372469,1.99986050894057,20.72792575771,23.5224997787793
4.875,1.00999885164505,1.9998741566783,20.8627814953158,23.7656247449082
4.9,1.00999898331956,1.99988653620874,20.9959123837963,24.0099997060324
4.925,1.0099991004564,1.99989775841081,21.1272868403258,24.2556246614406
4.95,1.00999920459302,1.99990792516669,21.2568746930142,24.5024996103248
4.975,1.00999929711221,1.99991713002469,21.3846472216764,24.7506245517672
5,1.00999937925672,1.99992545881959,21.5105771959857,24.9999994847267
5.025,1.00999945214267,1.99993299025242,21.6346389108983,25.250624408023
5.05,1.0099995167717,1.99993979643196,21.7568082192522,25.5024993203181
5.075,1.00999957404212,1.99994594337994,21.8770625614449,25.7556242200973
5.1,1.00999962475891,1.999951491502,21.9953809921094,26.0099991056467
5.125,1.00999966964298,1.99995649602622,22.1117442037139,26.2656239750277
5.15,1.00999970933944,1.99996100741126,22.2261345470215,26.5224988260498
5.175,1.00999974442516,1.99996507172561,22.3385360483564,26.7806236562392
5.2,1.00999977541563,1.99996873099997,22.4489344236337,27.039998462804
5.225,1.00999980277119,1.99997202355415,22.5573170891181,27.3006232425953
5.25,1.00999982690257,1.99997498430015,22.6636731688912,27.5624979920645
5.275,1.00999984817605,1.9999776450229,22.7679934990137,27.8256227072144
5.3,1.00999986691797,1.99998003464009,22.8702706283817,28.0899973835462
5.325,1.00999988341896,1.99998217944244,22.9704988162872,28.3556220159998
5.35,1.00999989793758,1.99998410331558,23.0686740267016,28.6224965988871
5.375,1.00999991070375,1.99998582794503,23.1647939193128,28.8906211258191
5.4,1.00999992192176,1.99998737300504,23.2588578373568,29.159995589624
5.425,1.00999993177301,1.9999887563328,23.3508667922942,29.4306199822566
5.45,1.00999994041845,1.99998999408869,23.4408234453918,29.7024942946981
5.475,1.00999994800078,1.99999110090378,23.5287320862792,29.975618516845
5.5,1.00999995464645,1.99999209001536,23.6145986085603,30.2499926373864
5.525,1.00999996046742,1.99999297339145,23.6984304825661,30.5256166436683
5.55,1.00999996556275,1.99999376184501,23.7802367253465,30.8024905215432
5.575,1.00999997002003,1.99999446513868,23.8600278680051,31.0806142552049
5.6,1.00999997391666,1.99999509208073,23.9378159204873,31.3599878270056
5.625,1.00999997732095,1.99999565061288,24.0136143339426,31.6406112172549
5.65,1.00999998029322,1.99999614789066,24.0874379607845,31.9224844039979
5.675,1.00999998288661,1.99999659035673,24.1593030125797,32.2056073627712
5.7,1.00999998514797,1.99999698380801,24.2292270159034,32.489980066335
5.725,1.00999998711854,1.99999733345677,24.2972287663001,32.7756024843781
5.75,1.00999998883462,1.99999764398641,24.3633282804975,33.0624745831943
5.775,1.0099999903281,1.99999791960224,24.4275467470196,33.3505963253277
5.8,1.00999999162704,1.99999816407769,24.4899064753531,33.6399676691832
5.825,1.00999999275604,1.99999838079637,24.5504308438189,33.9305885686004
5.85,1.00999999373672,1.99999857279028,24.609144246305,34.2224589723872
5.875,1.009999994588,1.99999874277447,24.666072038018,34.5155788238094
5.9,1.00999999532649,1.99999889317853,24.7212404804085,34.8099480600334
5.925,1.00999999596673,1.99999902617514,24.7746766854289,35.1055666115171
5.95,1.00999999652143,1.9999991437059,24.8264085592779,35.4024344013458
5.975,1.0099999970017,1.99999924750471,24.8764647457874,35.7005513445081
6,1.00999999741728,1.999999339119,24.924874569604,35.9999173471069
6.025,1.00999999777664,1.99999941992878,24.9716679793147,36.3005323055011
6.05,1.00999999808719,1.99999949116397,25.0168754906647,36.6023961053712
6.075,1.00999999835539,1.99999955391995,25.0605281300105,36.9055086207051
6.1,1.00999999858687,1.99999960917163,25.1026573781476,37.2098697126955
6.125,1.00999999878652,1.99999965778613,25.1432951146489,37.5154792285448
6.15,1.00999999895862,1.99999970053414,25.1824735628425,37.8223370001687
6.175,1.00999999910686,1.99999973810023,25.2202252355561,38.1304428427922
6.2,1.00999999923448,1.99999977109201,25.2565828817461,38.4397965534302
6.225,1.00999999934427,1.99999980004847,25.2915794341251,38.7503979092434
6.25,1.00999999943867,1.99999982544738,25.3252479578968,39.0622466657637
6.275,1.00999999951977,1.99999984771195,25.3576216006968,39.3753425549758
6.3,1.00999999958942,1.99999986721684,25.3887335438368,39.6896852832495
6.325,1.00999999964918,1.99999988429347,25.4186169549373,40.0052745291107
6.35,1.00999999970043,1.99999989923487,25.4473049420314,40.3221099408393
6.375,1.00999999974435,1.99999991229987,25.4748305092119,40.6401911338872
6.4,1.00999999978197,1.99999992371702,25.5012265138897,40.9595176880992
6.425,1.00999999981417,1.99999993368796,25.5265256257215,41.2800891447298
6.45,1.00999999984171,1.99999994239045,25.5507602872602,41.6019050032403
6.475,1.00999999986525,1.99999994998114,25.5739626763723,41.9249647178637
6.5,1.00999999988537,1.99999995659794,25.5961646704612,42.2492676939251
6.525,1.00999999990254,1.99999996236222,25.6173978125256,42.5748132839013
6.55,1.00999999991719,1.9999999673807,25.6376932790796,42.9016007832066
6.575,1.00999999992968,1.99999997174715,25.6570818499501,43.2296294256897
6.6,1.00999999994033,1.99999997554392,25.6755938799626,43.5588983788238
6.625,1.00999999994939,1.99999997884328,25.6932592725199,43.8894067385778
6.65,1.00999999995711,1.99999998170862,25.7101074550728,44.2211535239477
6.675,1.00999999996367,1.99999998419547,25.7261673564735,44.5541376711339
6.7,1.00999999996925,1.9999999863525,25.7414673861993,44.888358027347
6.725,1.00999999997398,1.99999998822228,25.7560354154273,45.2238133442224
6.75,1.009999999978,1.99999998984205,25.7698987599369,45.5605022708278
6.775,1.00999999998142,1.99999999124437,25.7830841648097,45.898423346243
6.8,1.00999999998431,1.99999999245768,25.7956177908951,46.2375749916957
6.825,1.00999999998676,1.99999999350679,25.807525203002,46.5779555022324
6.85,1.00999999998883,1.99999999441337,25.818831359777,46.9195630379063
6.875,1.00999999999059,1.99999999519629,25.8295606052224,47.2623956144628
6.9,1.00999999999207,1.999999995872,25.8397366618051,47.606451093504
6.925,1.00999999999333,1.99999999645482,25.8493826251068,47.9517271721119
6.95,1.00999999999439,1.9999999969572,25.858520959959,48.298221371913
6.975,1.00999999999528,1.99999999738997,25.8671734980079,48.6459310275641
7,1.00999999999603,1.99999999776256,25.8753614366499,48.9948532746418
7.025,1.00999999999667,1.99999999808312,25.8831053392775,49.344985036917
7.05,1.00999999999721,1.99999999835875,25.8904251367746,49.6963230129976
7.075,1.00999999999766,1.99999999859561,25.8973401301966,50.0488636623222
7.1,1.00999999999804,1.99999999879901,25.9038689945752,50.4026031904883
7.125,1.00999999999836,1.99999999897358,25.9100297837793,50.7575375339004
7.15,1.00999999999862,1.99999999912331,25.9158399363718,51.1136623437234
7.175,1.00999999999885,1.99999999925165,25.9213162823956,51.4709729691281
7.2,1.00999999999904,1.99999999936159,25.9264750510248,51.8294644398166
7.225,1.0099999999992,1.99999999945571,25.9313318790183,52.1891314478182
7.25,1.00999999999933,1.99999999953624,25.9359018199127,52.5499683285455
7.275,1.00999999999944,1.9999999996051,25.9401993538913,52.9119690411047
7.3,1.00999999999953,1.99999999966393,25.9442383982698,53.2751271478536
7.325,1.00999999999961,1.99999999971418,25.9480323185377,53.6394357932053
7.35,1.00999999999968,1.99999999975706,25.9515939398974,54.0048876816755
7.375,1.00999999999973,1.99999999979363,25.9549355592448,54.3714750551748
7.4,1.00999999999978,1.99999999982481,25.9580689575353,54.7391896695507
7.425,1.00999999999981,1.99999999985136,25.9610054124829,55.1080227703836
7.45,1.00999999999984,1.99999999987397,25.9637557115395,55.47796506805
7.475,1.00999999999987,1.9999999998932,25.9663301651074,55.8490067120602
7.5,1.00999999999989,1.99999999990956,25.9687386199351,56.221137264691
7.525,1.00999999999991,1.99999999992345,25.9709904726529,56.5943456739292
7.55,1.00999999999993,1.99999999993525,25.9730946834043,56.9686202457491
7.575,1.00999999999994,1.99999999994527,25.9750597895335,57.3439486157512
7.6,1.00999999999995,1.99999999995376,25.9768939192889,57.7203177201903
7.625,1.00999999999996,1.99999999996096,25.9786048055075,58.0977137664292
7.65,1.00999999999997,1.99999999996706,25.9801997992456,58.4761222028529
7.675,1.00999999999997,1.99999999997222,25.9816858833245,58.855527688289
7.7,1.00999999999998,1.99999999997659,25.9830696857601,59.2359140609778
7.725,1.00999999999998,1.99999999998029,25.9843574930509,59.6172643071452
7.75,1.00999999999998,1.99999999998341,25.9855552632988,59.9995605292328
7.775,1.00999999999999,1.99999999998604,25.9866686391373,60.3827839138452
7.8,1.00999999999999,1.99999999998826,25.98770296045,60.7669146994792
7.825,1.00999999999999,1.99999999999014,25.9886632768569,61.1519321441052
7.85,1.00999999999999,1.99999999999172,25.9895543599533,61.5378144926724
7.875,1.00999999999999,1.99999999999305,25.9903807152858,61.9245389446192
7.9,1.00999999999999,1.99999999999417,25.9911465940519,62.3120816214695
7.925,1.01,1.99999999999512,25.9918560045118,62.7004175346043
7.95,1.01,1.99999999999591,25.9925127231025,63.0895205533008
7.975,1.01,1.99999999999658,25.9931203052465,63.4793633731342
8,1.01,1.99999999999714,25.9936820958468,63.8699174848452
8.025,1.01,1.99999999999761,25.9942012394653,64.2611531437774
8.05,1.01,1.999999999998,25.994680690179,64.6530393399924
8.075,1.01,1.99999999999833,25.9951232211114,65.0455437691787
8.1,1.01,1.99999999999861,25.9955314336394,65.4386328044667
8.125,1.01,1.99999999999884,25.9959077662727,65.8322714692728
8.15,1.01,1.99999999999903,25.9962545032097,66.226423411293
8.175,1.01,1.99999999999919,25.9965737825689,66.6210508777721
8.2,1.01,1.99999999999933,25.9968676043003,67.0161146921761
8.225,1.01,1.99999999999944,25.997137837779,67.4115742323965
8.25,1.01,1.99999999999954,25.9973862290863,67.8073874106181
8.275,1.01,1.99999999999961,25.9976144079826,68.2035106549828
8.3,1.01,1.99999999999968,25.9978238945774,68.5998988931798
8.325,1.01,1.99999999999973,25.9980161057034,68.9965055380985
8.35,1.01,1.99999999999978,25.9981923609997,69.3932824756735
8.375,1.01,1.99999999999982,25.9983538887128,69.7901800550545
8.4,1.01,1.99999999999985,25.998501831221,70.1871470812326
8.425,1.01,1.99999999999987,25.9986372502911,70.5841308102476
8.45,1.01,1.9999999999999,25.998761132074,70.9810769471066
8.475,1.01,1.99999999999991,25.9988743918489,71.377929646532
8.5,1.01,1.99999999999993,25.9989778785223,71.7746315166607
8.525,1.01,1.99999999999994,25.9990723788913,72.171123625807
8.55,1.01,1.99999999999995,25.99915862168,72.5673455123987
8.575,1.01,1.99999999999996,25.9992372813556,72.9632351981916
8.6,1.01,1.99999999999997,25.9993089817344,73.3587292048563
8.625,1.01,1.99999999999997,25.9993742993854,73.7537625740319
8.65,1.01,1.99999999999998,25.9994337668394,74.1482688909258
8.675,1.01,1.99999999999998,25.9994878756121,74.5421803115372
8.7,1.01,1.99999999999998,25.9995370790499,74.9354275935678
8.725,1.01,1.99999999999999,25.9995817950054,75.327940131079
8.75,1.01,1.99999999999999,25.9996224083504,75.7196459929396
8.775,1.01,1.99999999999999,25.9996592733359,76.1104719651034
8.8,1.01,1.99999999999999,25.9996927158036,76.500343596739
8.825,1.01,1.99999999999999,25.9997230352585,76.8891852502295
8.85,1.01,2,25.9997505068089,77.27692015504
8.875,1.01,2,25.9997753829809,77.6634704654474
8.9,1.01,2,25.9997978954128,78.0487573221065
8.925,1.01,2,25.9998182564385,78.4327009174178
8.95,1.01,2,25.9998366605626,78.8152205646491
8.975,1.01,2,25.9998532858369,79.1962347707473
9,1.01,2,25.9998682951401,79.5756613127654
9.025,1.01,2,25.9998818373705,79.9534173178146
9.05,1.01,2,25.9998940485526,80.3294193464382
9.075,1.01,2,25.9999050528664,80.703583479291
9.1,1.01,2,25.9999149636015,81.0758254069914
9.125,1.01,2,25.9999238840424,81.4460605230041
9.15,1.01,2,25.9999319082881,81.8142040193938
9.175,1.01,2,25.9999391220113,82.180170985279
9.2,1.01,2,25.9999456031602,82.5438765078039
9.225,1.01,2,25.9999514226066,82.9052357754296
9.25,1.01,2,25.9999566447458,83.2641641833379
9.275,1.01,2,25.999961328048,83.6205774407288
9.3,1.01,2,25.9999655255685,83.9743916797783
9.325,1.01,2,25.9999692854165,84.3255235660194
9.35,1.01,2,25.9999726511866,84.6738904098925
9.375,1.01,2,25.9999756623566,85.0194102792093
9.4,1.01,2,25.9999783546515,85.36200211226
9.425,1.01,2,25.9999807603792,85.7015858312922
9.45,1.01,2,25.9999829087373,86.0380824560797
9.475,1.01,2,25.9999848260953,86.3714142172955
9.5,1.01,2,25.9999865362522,86.7015046694005
9.525,1.01,2,25.999988060673,87.0282788027532
9.55,1.01,2,25.9999894187044,87.3516631546457
9.575,1.01,2,25.9999906277726,87.6715859189703
9.6,1.01,2,25.999991703563,87.9879770542196
9.625,1.01,2,25.999992660185,88.300768389526
9.65,1.01,2,25.9999935103219,88.6098937284463
9.675,1.01,2,25.9999942653673,88.9152889502037
9.7,1.01,2,25.9999949355494,89.2168921081021
9.725,1.01,2,25.9999955300444,89.5146435248324
9.75,1.01,2,25.9999960570789,89.8084858844014
9.775,1.01,2,25.9999965240235,90.0983643204155
9.8,1.01,2,25.9999969374772,90.384226500468
9.825,1.01,2,25.9999973033447,90.6660227063819
9.85,1.01,2,25.9999976269055,90.9437059100758
9.875,1.01,2,25.9999979128772,91.2172318448307
9.9,1.01,2,25.9999981654726,91.4865590717492
9.925,1.01,2,25.999998388451,91.7516490412112
9.95,1.01,2,25.9999985851649,92.0124661491473
9.975,1.01,2,25.9999987586022,92.2689777879638
10,1.01,2,25.9999989114236,92.5211543919714
10.025,1.01,2,25.9999990459976,92.7689694771857
10.05,1.01,2,25.9999991644305,93.0123996753854
10.075,1.01,2,25.9999992685948,93.2514247623303
10.1,1.01,2,25.9999993601535,93.4860276800623
10.125,1.01,2,25.9999994405829,93.7161945532288
10.15,1.01,2,25.9999995111926,93.9419146993872
10.175,1.01,2,25.9999995731436,94.1631806332692
10.2,1.01,2,25.9999996274646,94.3799880650009
10.225,1.01,2,25.999999675066,94.592335892296
10.25,1.01,2,25.9999997167536,94.8002261866554
10.275,1.01,2,25.9999997532398,95.0036641736291
10.3,1.01,2,25.9999997851541,95.2026582072096
10.325,1.01,2,25.9999998130521,95.3972197384509
10.35,1.01,2,25.9999998374244,95.5873632784176
10.375,1.01,2,25.9999998587036,95.7731063555924
10.4,1.01,2,25.9999998772708,95.9544694678823
10.425,1.01,2,25.9999998934617,96.1314760293824
10.45,1.01,2,25.9999999075719,96.304152312071
10.475,1.01,2,25.9999999198611,96.4725273826234
10.5,1.01,2,25.9999999305578,96.6366330345472
10.525,1.01,2,25.9999999398627,96.7965037158532
10.55,1.01,2,25.9999999479519,96.9521764524886
10.575,1.01,2,25.99999995498,97.1036907677709
10.6,1.01,2,25.9999999610823,97.2510885980698
10.625,1.01,2,25.9999999663776,97.3944142049932
10.65,1.01,2,25.9999999709698,97.5337140843434
10.675,1.01,2,25.9999999749497,97.6690368721127
10.7,1.01,2,25.999999978397,97.8004332477973
10.725,1.01,2,25.9999999813811,97.9279558353098
10.75,1.01,2,25.9999999839625,98.0516591017759
10.775,1.01,2,25.9999999861943,98.1715992545027
10.8,1.01,2,25.9999999881227,98.2878341364055
10.825,1.01,2,25.9999999897879,98.4004231201849
10.85,1.01,2,25.9999999912248,98.509427001538
10.875,1.01,2,25.9999999924641,98.614907891692
10.9,1.01,2,25.9999999935323,98.7169291095418
10.925,1.01,2,25.9999999944523,98.8155550736688
10.95,1.01,2,25.9999999952444,98.9108511945166
10.975,1.01,2,25.9999999959258,99.0028837669881
11,1.01,2,25.9999999965117,99.0917198637271
11.025,1.01,2,25.9999999970151,99.1774272293353
11.05,1.01,2,25.9999999974474,99.2600741757692
11.075,1.01,2,25.9999999978184,99.3397294791532
11.1,1.01,2,25.9999999981366,99.4164622782323
11.125,1.01,2,25.9999999984094,99.490341974681
11.15,1.01,2,25.999999998643,99.56143813547
11.175,1.01,2,25.9999999988431,99.6298203974846
11.2,1.01,2,25.9999999990142,99.6955583745745
11.225,1.01,2,25.9999999991605,99.7587215672013
11.25,1.01,2,25.9999999992855,99.8193792748423
11.275,1.01,2,25.9999999993923,99.8776005112887
11.3,1.01,2,25.9999999994835,99.9334539229717
11.325,1.01,2,25.9999999995612,99.9870077104288
11.35,1.01,2,25.9999999996274,100.038329553017
11.375,1.01,2,25.9999999996839,100.08748653696
11.4,1.01,2,25.9999999997319,100.134545086805
11.425,1.01,2,25.9999999997728,100.179570900359
11.45,1.01,2,25.9999999998076,100.222628887146
11.475,1.01,2,25.9999999998371,100.263783110432
11.5,1.01,2,25.9999999998622,100.303096732835
11.525,1.01,2,25.9999999998835,100.340631965545
11.55,1.01,2,25.9999999999016,100.376450021142
11.575,1.01,2,25.9999999999169,100.410611070016
11.6,1.01,2,25.9999999999299,100.443174200361
11.625,1.01,2,25.9999999999409,100.474197381711
11.65,1.01,2,25.9999999999502,100.503737431988
11.675,1.01,2,25.999999999958,100.531849987998
11.7,1.01,2,25.9999999999647,100.558589479326
11.725,1.01,2,25.9999999999703,100.584009105564
11.75,1.01,2,25.999999999975,100.608160816789
11.775,1.01,2,25.999999999979,100.631095297212
11.8,1.01,2,25.9999999999824,100.652861951919
11.825,1.01,2,25.9999999999852,100.673508896593
11.85,1.01,2,25.9999999999876,100.693082950134
11.875,1.01,2,25.9999999999896,100.711629630054
11.9,1.01,2,25.9999999999913,100.729193150562
11.925,1.01,2,25.9999999999927,100.745816423202
11.95,1.01,2,25.9999999999939,100.761541059943
11.975,1.01,2,25.9999999999949,100.776407378603
12,1.01,2,25.9999999999957,100.790454410482
12.025,1.01,2,25.9999999999964,100.803719910081
12.05,1.01,2,25.999999999997,100.8162403668
12.075,1.01,2,25.9999999999975,100.828051018464
12.1,1.01,2,25.9999999999979,100.83918586659
12.125,1.01,2,25.9999999999983,100.849677693245
12.15,1.01,2,25.9999999999986,100.859558079387
12.175,1.01,2,25.9999999999988,100.868857424563
12.2,1.01,2,25.999999999999,100.877604967859
12.225,1.01,2,25.9999999999992,100.885828809973
12.25,1.01,2,25.9999999999993,100.893555936295
12.275,1.01,2,25.9999999999994,100.900812240903
12.3,1.01,2,25.9999999999995,100.907622551352
12.325,1.01,2,25.9999999999996,100.914010654147
12.35,1.01,2,25.9999999999997,100.919999320814
12.375,1.01,2,25.9999999999997,100.925610334469
12.4,1.01,2,25.9999999999998,100.930864516777
12.425,1.01,2,25.9999999999998,100.935781755228
12.45,1.01,2,25.9999999999998,100.940381030636
12.475,1.01,2,25.9999999999999,100.944680444786
12.5,1.01,2,25.9999999999999,100.948697248144
12.525,1.01,2,25.9999999999999,100.952447867557
12.55,1.01,2,25.9999999999999,100.955947933889
12.575,1.01,2,25.9999999999999,100.959212309506
12.6,1.01,2,26,100.962255115569
12.625,1.01,2,26,100.965089759068
12.65,1.01,2,26,100.967728959553
12.675,1.01,2,26,100.970184775501
12.7,1.01,2,26,100.972468630298
12.725,1.01,2,26,100.974591337769
12.75,1.01,2,26,100.976563127247
12.775,1.01,2,26,100.978393668122
12.8,1.01,2,26,100.980092093872
12.825,1.01,2,26,100.981667025518
12.85,1.01,2,26,100.983126594512
12.875,1.01,2,26,100.984478465014
12.9,1.01,2,26,100.985729855565
12.925,1.01,2,26,100.986887560123
12.95,1.01,2,26,100.987957968469
12.975,1.01,2,26,100.988947085968
13,1.01,2,26,100.989860552676
13.025,1.01,2,26,100.990703661808
13.05,1.01,2,26,100.991481377543
13.075,1.01,2,26,100.992198352186
13.1,1.01,2,26,100.992858942687
13.125,1.01,2,26,100.993467226518
13.15,1.01,2,26,100.994027016915
13.175,1.01,2,26,100.994541877503
13.2,1.01,2,26,100.995015136299
13.225,1.01,2,26,100.99544989912
13.25,1.01,2,26,100.995849062391
13.275,1.01,2,26,100.996215325384
13.3,1.01,2,26,100.996551201886
13.325,1.01,2,26,100.996859031316
13.35,1.01,2,26,100.997140989315
13.375,1.01,2,26,100.99739909781
13.4,1.01,2,26,100.997635234569
13.425,1.01,2,26,100.997851142285
13.45,1.01,2,26,100.998048437168
13.475,1.01,2,26,100.998228617099
13.5,1.01,2,26,100.998393069338
13.525,1.01,2,26,100.99854307781
13.55,1.01,2,26,100.998679829987
13.575,1.01,2,26,100.998804423384
13.6,1.01,2,26,100.998917871679
13.625,1.01,2,26,100.999021110476
13.65,1.01,2,26,100.999115002732
13.675,1.01,2,26,100.999200343853
13.7,1.01,2,26,100.999277866483
13.725,1.01,2,26,100.999348244999
13.75,1.01,2,26,100.999412099722
13.775,1.01,2,26,100.999470000862
13.8,1.01,2,26,100.999522472215
13.825,1.01,2,26,100.999569994609
13.85,1.01,2,26,100.999613009135
13.875,1.01,2,26,100.999651920156
13.9,1.01,2,26,100.999687098116
13.925,1.01,2,26,100.999718882153
13.95,1.01,2,26,100.999747582541
13.975,1.01,2,26,100.99977348295
14,1.01,2,26,100.999796842556
14.025,1.01,2,26,100.999817897997
14.05,1.01,2,26,100.999836865185
14.075,1.01,2,26,100.999853940994
14.1,1.01,2,26,100.999869304813
14.125,1.01,2,26,100.999883119993
14.15,1.01,2,26,100.99989553518
14.175,1.01,2,26,100.999906685549
14.2,1.01,2,26,100.999916693941
14.225,1.01,2,26,100.999925671918
14.25,1.01,2,26,100.999933720726
14.275,1.01,2,26,100.99994093219
14.3,1.01,2,26,100.999947389536
14.325,1.01,2,26,100.999953168146
14.35,1.01,2,26,100.999958336248
14.375,1.01,2,26,100.99996295556
14.4,1.01,2,26,100.999967081871
14.425,1.01,2,26,100.999970765574
14.45,1.01,2,26,100.999974052164
14.475,1.01,2,26,100.999976982683
14.5,1.01,2,26,100.999979594132
14.525,1.01,2,26,100.999981919846
14.55,1.01,2,26,100.999983989839
14.575,1.01,2,26,100.999985831116
14.6,1.01,2,26,100.999987467959
14.625,1.01,2,26,100.999988922186
14.65,1.01,2,26,100.999990213392
14.675,1.01,2,26,100.999991359156
14.7,1.01,2,26,100.999992375248
14.725,1.01,2,26,100.999993275797
14.75,1.01,2,26,100.99999407346
14.775,1.01,2,26,100.999994779563
14.8,1.01,2,26,100.999995404238
14.825,1.01,2,26,100.999995956539
14.85,1.01,2,26,100.999996444557
14.875,1.01,2,26,100.999996875512
14.9,1.01,2,26,100.999997255846
14.925,1.01,2,26,100.9999975913
14.95,1.01,2,26,100.999997886993
14.975,1.01,2,26,100.999998147477
15,1.01,2,26,100.999998376807
