"lambda","kkt.violation"
2.27298723877163,9.55388112372502e-17
2.18705948696661,1.33226762955019e-15
2.10438013814614,4.44089209850063e-16
2.02482639005217,4.44089209850063e-16
1.94828008282931,1.11022302462516e-15
1.87462752352392,2.22044604925031e-16
1.8037593172179,1.24055644279419e-05
1.73557020454622,1.20036772881527e-05
1.66995890535695,1.15483661968785e-05
1.60682796828154,1.1111791981433e-05
1.54608362599193,1.49864252936283e-05
1.48763565592948,1.4424420397452e-05
1.43139724629895,1.38791257844328e-05
1.37728486712834,1.33544408922326e-05
1.32521814620325,1.28495911224658e-05
1.27511974969135,1.23638266371628e-05
1.22691526727975,1.1896425936575e-05
1.18053310165458,1.14466948004655e-05
1.13590436215871,1.10139652482744e-05
1.09296276246959,1.48242121855713e-05
1.05164452214529,1.42702034446884e-05
1.0118882718925,1.37307433405454e-05
0.973634962415681,1.32116678901451e-05
0.936827776712184,1.27122154955916e-05
0.901412045682881,1.22316443432746e-05
0.867335166933067,1.17692406473857e-05
0.834546526643002,1.13243176081967e-05
0.802997424392047,1.52022797355045e-05
0.772641000824742,1.46369618335696e-05
0.743432168051387,1.40836465363225e-05
0.71532754267975,1.25902783902898e-05
0.68828538137844,1.37792460105368e-05
0.662265518876232,1.32611550579531e-05
0.637229308305259,1.2759837994647e-05
0.613139563799465,1.22774665396452e-05
0.589960505263055,1.1813330587529e-05
0.567657705226921,1.13667407778406e-05
0.54619803771409,1.45818430626887e-05
0.525549629038268,1.40406556998762e-05
0.505681810462381,1.3509894013497e-05
0.486565072646814,1.29991676000585e-05
0.468171021819683,1.25077485426117e-05
0.450472337604031,1.20349070351633e-05
0.433442732439338,1.15799407743866e-05
0.417056912537038,1.47227167220376e-05
0.401290540312081,1.41799049501179e-05
0.386120198234721,1.36439037990987e-05
0.371523354048852,1.31281114206239e-05
0.357478327305221,1.26318177861018e-05
0.343964257159822,1.21542859791157e-05
0.330961071389628,1.16948067304667e-05
0.318449456579656,1.12526975832306e-05
0.306410829437073,1.41291584379588e-05
0.294827309189741,1.36131648222904e-05
0.283681691028203,1.30986301679625e-05
0.272957420551667,1.26034515430806e-05
0.262638569180034,1.21269920928535e-05
0.252709810495439,1.08782001547736e-05
0.24315639747818,1.14542921655081e-05
0.233964140603214,1.58013837558701e-05
0.225119386764696,1.51859924786557e-05
0.216608998997244,1.46118017103902e-05
0.208420336963828,1.70088163968796e-05
0.200541238181282,1.18122520887942e-05
0.192959999955578,1.25823844725204e-05
0.185665362000004,1.31765231129732e-05
0.178646489710449,1.17917239910725e-05
0.171892958072949,1.14213548936815e-05
0.165394736179585,1.33290913970352e-05
0.159142172329743,1.58525649289476e-05
0.153125979694604,1.04981528234738e-05
0.147337222523574,1.27395304163891e-05
0.141767302872161,1.56715950579978e-05
0.136407947831589,1.45124867899082e-05
0.13125119724119,1.33822536279582e-05
0.126289391865306,1.74595940636568e-05
0.121515162017155,1.67746856715306e-05
0.116921416612759,1.11843376559145e-05
0.112501332638675,1.49346699388903e-05
0.108248345017885,1.45953858633058e-05
0.104156136858798,9.83437243508301e-06
0.100218630072878,1.07510501358987e-05
0.0964299763469579,1.76692565038716e-05
0.0927845484568376,1.2637208397781e-05
0.0892769319092636,1.26711794598972e-05
0.0859019168998705,1.24573615680884e-05
0.082654490575147,1.14278535506968e-05
0.079529829586927,1.10968279147805e-05
0.0765232929283516,1.13520848205595e-05
0.0736304150406588,1.9664437925962e-05
0.0708468991805637,1.29810927216034e-05
0.0681686110383774,1.67396582021473e-05
0.0655915725973855,1.54861588233385e-05
0.0631119562253661,1.14189960276206e-05
0.0607260789894722,1.83574924882204e-05
0.0584303971860321,1.54668176637271e-05
0.0562215010771462,1.48220163891308e-05
0.0540961098262593,2.47369035004663e-05
0.0520510666251897,1.2578545645299e-05
0.0500833340053739,1.57136434673008e-05
0.0481899893263657,1.60407968107928e-05
0.0463682204348869,1.69003307446819e-05
0.0446153214879827,1.23219361141264e-05
0.0429286889340787,1.33587687774703e-05
0.0413058176459688,2.07786421007813e-05
0.039744297199992,1.87716857089279e-05
0.0382418082958698,2.28388963978907e-05
0.0367961193118883,1.56068453377178e-05
0.0354050829903079,1.59055739153702e-05
0.0340666332480773,2.08945308011466e-05
0.0327787821081143,2.1165890238678e-05
0.0315396167465969,2.00402583337006e-05
0.030347296651878,1.9271865846094e-05
0.029200050890804,1.68422263581054e-05
0.0280961754783776,2.08145282466488e-05
0.0270340308468569,1.49227848003572e-05
0.0260120394105331,1.32761263129111e-05
0.0250286832225684,2.17505778581442e-05
0.0240825017204155,2.25387925378295e-05
0.0231720895564677,1.50126025382259e-05
0.0222960945107199,1.80327128254006e-05
0.0214532154823388,1.98976059073257e-05
0.0206422005571594,2.09320834891093e-05
0.0198618451482379,2.52801719539744e-05
0.0191109902066986,2.52859984546903e-05
0.018388520500218,1.31402413876165e-05
0.0176933629565891,1.9041061463887e-05
0.0170244850699048,1.67608665112597e-05
0.0163808933669943,2.84292554697772e-05
0.0157616319318336,1.61469697850143e-05
0.01516578098574,2.36339852589529e-05
0.0145924555212397,2.51218091695642e-05
0.0140408039875811,2.40830056452909e-05
0.0135100070259405,1.80898497468412e-05
0.0129992762524424,1.92274450675108e-05
0.0125078530871859,1.6974415806878e-05
0.0120350076275386,1.30325335086535e-05
0.0115800375640245,1.96090542384873e-05
0.0111422671371954,2.44398164781761e-05
0.0107210461339364,2.4241645703249e-05
0.0103157489217158,2.45832471714828e-05
0.00992577351934308,2.48561125293402e-05
0.00955054070285622,2.2100490228015e-05
0.00918949314521033,2.12204403056641e-05
0.00884209458848887,2.15413525019702e-05
0.00850782904740875,2.17287894364766e-05
0.00818620004293604,2.18300110356312e-05
0.00787672986487388,1.94855506903142e-05
0.00757895886232754,2.02900299390999e-05
0.00729244476099256,2.16234153038557e-05
0.00701676200625213,2.58948399950278e-05
0.00675150113110794,2.21869290521638e-05
0.00649626814800563,2.18546422431848e-05
0.00625068396365167,2.13789165737308e-05
0.00601438381595241,2.06410692598609e-05
0.005787016732239,2.5552942785753e-05
0.00556824500797359,1.72790168523375e-05
0.00535774370516237,2.19808598647328e-05
0.0051552001697306,2.10164170074472e-05
0.00496031356714272,2.08127739386547e-05
0.00477279443557783,1.45022174198508e-05
0.00459236425599691,2.0620540436337e-05
0.00441875503846306,1.96859961511054e-05
0.00425170892410061,1.89528309782984e-05
0.00409097780210155,1.8705658585417e-05
0.00393632294121073,1.8795331663748e-05
0.0037875146351423,1.88335226193508e-05
0.00364433186140078,1.82377770997907e-05
0.00350656195300006,1.69218404826891e-05
0.00337400028259264,2.18363823063562e-05
0.00324644995854007,2.93796786097283e-05
0.00312372153247305,3.10495648984501e-05
0.00300563271790698,3.00154690692799e-05
0.00289200811949483,1.84499970482077e-05
0.00278267897251539,2.60042627854775e-05
0.00267748289220982,2.60978945747334e-05
0.0025762636325943,2.50870419662408e-05
0.00247887085439045,2.11244022502847e-05
0.00238515990172893,2.19838685046408e-05
0.00229499158729448,2.27881194067e-05
0.00220823198559332,2.14846050883523e-05
0.00212475223403584,2.14666466766241e-05
0.00204442834153917,2.15534469300859e-05
0.00196714100436527,2.16027576542262e-05
0.00189277542892107,2.08949299476135e-05
0.00182122116125748,2.07991319030449e-05
0.001752371923014,2.08658529519941e-05
0.00168612545356518,2.02150250275311e-05
0.00162238335813469,2.00900163586099e-05
0.00156105096165114,2.17511097052934e-05
0.00150203716812881,2.08604672598887e-05
0.00144525432536431,2.09020459721596e-05
0.00139061809474819,2.00815459674446e-05
0.00133804732599822,2.03705908899093e-05
0.00128746393662825,2.06874031234594e-05
0.00123879279597359,2.098025872964e-05
0.00119196161360065,2.12445085431587e-05
0.00114690083193523,2.05643496334503e-05
0.00110354352294973,2.06436459035673e-05
0.00106182528875617,2.00179976882263e-05
0.00102168416595697,2.00587324229822e-05
0.000983060533611851,2.02011922120437e-05
0.000945897024683767,1.96227105598345e-05
0.000910138440832649,1.96449419306101e-05
0.000875731670430216,1.97495461271578e-05
0.000842625609674155,2.0051678365199e-05
0.000810771086684504,1.99366526253469e-05
0.000780120788469472,2.01011616675556e-05
0.000750629190652244,1.97697373173948e-05
0.000722252489854388,1.99017560676477e-05
0.000694948538635415,2.02119336530455e-05
0.000668676782891905,1.9740063329018e-05
0.000643398201623157,2.00409440794349e-05
0.000619075248973959,2.04404867614812e-05
0.000595671798468354,1.87994268455263e-05
0.000573153089351578,1.87633955870168e-05
0.000551485674960507,1.81668217103119e-05
0.000530637373045869,1.8403974486603e-05
0.000510577217972497,1.89335633644929e-05
0.000491275414726585,1.86259698544104e-05
0.000472703294661648,1.89129216153975e-05
0.000454833272917464,1.94551015303256e-05
0.000437638807448737,1.91864931009071e-05
0.00042109435960264,1.94846253636645e-05
0.000405175356186684,1.96847563406139e-05
0.00038985815297056,2.00050114233759e-05
0.000375119999567763,1.96888045970053e-05
0.000360939005644815,1.94168047389709e-05
0.000347294108407926,1.96499636457315e-05
0.000334165041318773,1.86403886573711e-05
0.000321532303992947,1.82874897949411e-05
0.000309377133236365,1.74046004520682e-05
0.0002976814751766,1.75142284358866e-05
0.000286427958447772,1.72694861508905e-05
0.00027559986838915,1.75312498014324e-05
0.000265181122219137,1.73345245759204e-05
0.000255156245147791,1.68653394809813e-05
0.000245510347392374,1.71681931896673e-05
0.000236229102061803,1.69471919684232e-05
0.000227298723877163,2.0167140121549e-05
