"lambda","axis","train","test","cv5","se5","cv10","se10"
98189.9456518835,1.00101017923247,8.31570118334177,10.4248763270904,8.60661481510396,3.03511063038834,8.51851627801111,2.31560484172076
87469.7357743052,1.00113397892332,8.31563313660947,10.4248177533087,8.60655972128154,3.03510236378349,8.51846023618539,2.31559407542395
77919.940026772,1.00127294958423,8.31555675198373,10.4247520022575,8.60649787670657,3.03509308411795,8.51839732737917,2.31558198982737
69412.7746017416,1.00142895008564,8.31547100806148,10.4246781946818,8.60642845440201,3.03508266725451,8.51832671035981,2.31556842329287
61834.4069086393,1.00160406699731,8.31537475838266,10.4245953436661,8.60635052613837,3.03507097384769,8.5182474408923,2.31555319438612
55083.4324039144,1.00180064246313,8.31526671613588,10.4245023414654,8.6062630500507,3.03505784748135,8.51815845914097,2.31553609945405
49069.5177181796,1.00202130548411,8.3151454369981,10.4243979447294,8.60616485674459,3.03504311257845,8.51805857553376,2.31551690990636
43712.1919244023,1.00226900702482,8.31500929988186,10.4242807579241,8.60605463370806,3.03502657205515,8.51794645490249,2.31549536916504
38939.7697733611,1.00254705940946,8.31485648533623,10.424149214732,8.60593090782378,3.03500800468798,8.51782059868983,2.31547118924149
34688.3924884099,1.00285918052974,8.3146849513177,10.4240015571871,8.6057920257517,3.0349871621592,8.51767932498894,2.31544404689614
30901.1732846234,1.00320954344997,8.31449240601267,10.4238358122687,8.60563613192459,3.03496376574099,8.51752074615342,2.31541357932964
27527.4361786978,1.00360283206558,8.31427627735608,10.4236497656488,8.6054611438684,3.0349375025745,8.51734274368437,2.31537937934911
24522.0379042807,1.00404430355004,8.31403367884806,10.4234409322486,8.60526472452526,3.03490802149452,8.51714294006609,2.3153409899457
21844.7638594225,1.00453985841366,8.31376137122361,10.4232065232208,8.6050442512188,3.03487492834441,8.5169186671835,2.31529789821238
19459.7900034496,1.00509611909632,8.31345571947829,10.4229434089273,8.60479678085917,3.03483778071931,8.51666693091089,2.3152495285223
17335.2035030131,1.00572051812651,8.31311264469442,10.4226480774349,8.6045190109382,3.03479608206831,8.5163843714138,2.31519523487873
15442.5757131813,1.006421397002,8.31272757004836,10.4223165879906,8.60420723581289,3.03474927507782,8.51606721865238,2.31513429233691
13756.5817797228,1.00720811708453,8.31229536030738,10.4219445188818,8.60385729771745,3.03469673424896,8.51571124251525,2.31506588738666
12254.6617725609,1.00809118395397,8.31181025404628,10.4215269090129,8.60346453188041,3.03463775757175,8.51531169694786,2.31498910717136
10916.7188160962,1.00908238683725,8.31126578772611,10.4210581924582,8.60302370505232,3.03457155718682,8.51486325736654,2.31490292740481
9724.85017714243,1.01019495491668,8.31065471068173,10.4205321251634,8.60252894667199,3.03449724891276,8.51435995056982,2.31480619883108
8663.10771222059,1.01144373253239,8.30996888995909,10.4199417028789,8.60197367181369,3.0344138405027,8.51379507627101,2.31469763205522
7717.28446880698,1.0128453755263,8.30919920382762,10.419279069306,8.60135049496394,3.03432021847767,8.51316111927954,2.31457578055283
6874.72458509041,1.01441857123332,8.3083354226671,10.4185354133242,8.60065113357451,3.0342151333665,8.51244965125373,2.31443902164525
6124.15394454843,1.01618428491014,8.30736607579136,10.4177008540517,8.59986630022729,3.03409718316217,8.5116512208329,2.3142855352033
5455.52931936616,1.01816603570662,8.30627830262291,10.4167643123563,8.59898558212635,3.03396479478279,8.51075523083313,2.31411327981683
4859.90398411814,1.02039020563019,8.30505768647371,10.4157133672952,8.59799730650411,3.03381620330077,8.50974980105703,2.31391996613898
4329.30800151791,1.02288638533307,8.30368806901761,10.4145340958101,8.59688839039033,3.03364942867738,8.50862161512542,2.31370302708354
3856.64157836401,1.02568776096696,8.30215134336057,10.413210893843,8.59564417304794,3.03346224971015,8.50735574958681,2.31345958452049
3435.58006470114,1.02883154680079,8.30042722342757,10.4117262768697,8.59424822922715,3.03325217486805,8.50593548340181,2.31318641207934
3060.48932500977,1.03235946878721,8.29849298719223,10.4100606576714,8.59268216123309,3.0330164096543,8.504342085734,2.31287989363196
2726.35034902426,1.03631830479099,8.29632319107999,10.4081920989821,8.59092536764367,3.03275182009744,8.5025545798112,2.31253597698625
2428.69209341255,1.04076048775783,8.29388935268373,10.4060960384728,8.58895478635826,3.03245489192967,8.50054948045261,2.31215012228025
2163.53165568602,1.0457447787033,8.29115959874861,10.4037449833524,8.58674460950947,3.03212168496579,8.49830050269598,2.31171724452308
1927.32097981939,1.05133701703418,8.28809827521901,10.4011081717023,8.58426596763658,3.03174778214733,8.49577823880912,2.31123164968524
1716.89938045957,1.05761095637293,8.28466551600825,10.3981511975158,8.58148658041086,3.0313282326647,8.49294980084268,2.31068696369786
1529.45125045994,1.06464919473013,8.28081676706496,10.394835596302,8.5783703711309,3.03085748851532,8.48977842578765,2.31007605367946
1362.46838583361,1.07254420854742,8.27650226229049,10.3911183880485,8.57487704218772,3.0303293337985,8.48622304035659,2.3093909406718
1213.71642400358,1.08139950079504,8.27166644793259,10.386951574341,8.57096160875436,3.02973680598987,8.48223778243219,2.30862270313658
1081.20494626724,1.09133087393046,8.26624735227574,10.3822815865338,8.56657388810821,3.02907210837891,8.47777147634579,2.30776137044429
963.160844422497,1.10246783907434,8.26017589780562,10.3770486820838,8.56165794227857,3.02832651279673,8.47276705939122,2.3067958055817
858.00459518002,1.11495517319604,8.25337515359352,10.3711862865424,8.55615147216556,3.02749025170758,8.46716095738602,2.30571357631832
764.329124894432,1.12895463637015,8.2457595264849,10.3646202792889,8.54998516194639,3.02655239869234,8.46088240770762,2.3045008141144
680.880981807932,1.14464686120033,8.23723389085518,10.3572682219433,8.54308197352834,3.02550073631726,8.45385272911353,2.30314206012949
606.543563876053,1.16223342622506,8.2276926582997,10.3490385295829,8.53535639209152,3.02432161036455,8.44598453886877,2.30162009781387
540.322177750651,1.18193912441958,8.2170187907512,10.3398295864857,8.52671362546663,3.02299976940827,8.43718091932897,2.29991577174683
481.330728997506,1.20401443666633,8.20508276327991,10.3295288102209,8.5170487623042,3.02151818876006,8.42733453825526,2.29800779264099
428.779865453138,1.22873821813701,8.19174148635448,10.318011670613,8.50624589681088,3.01985787789573,8.41632672986853,2.29587252877959
381.966415069593,1.25642060274144,8.17683720176353,10.3051406735262,8.49417723136637,3.01799767062088,8.40402654710011,2.29348378461288
340.263976917223,1.28740612695535,8.16019637186237,10.2907643236758,8.48070217270314,3.01591399745985,8.39028979978185,2.29081256783603
303.114539445647,1.32207706922119,8.14162858845798,10.2747160858899,8.46566644264375,3.01358064008035,8.37495809876302,2.28782684702909
270.021013848605,1.3608569944837,8.12092553560748,10.2568133705367,8.44890123074547,3.01096846802367,8.35785793225653,2.28449130288808
240.540582623231,1.40421448502448,8.09786004997489,10.23685657628,8.43022242367203,3.00804515863082,8.33879980819515,2.28076707724463
214.278774322225,1.45266702835112,8.07218533320484,10.2146282319971,8.4094299547218,3.00477490187651,8.3175775050682,2.27661152548731
190.88418521441,1.50678502025435,8.04363438297367,10.1898922895538,8.38630732663773,3.00111809289058,8.29396748359588,2.27197797968474
170.043777225349,1.56719582610496,8.01191972277264,10.1623936300782,8.36062137144476,2.99703101630926,8.26772852256053,2.26681553168569
151.478689240732,1.63458782595325,7.97673352467857,10.1318578581501,8.3321223222854,2.99246552830891,8.23860165389253,2.26106884773674
134.940505724486,1.70971434910255,7.93774823373007,10.0979914704811,8.30054428353047,2.98736874428481,8.20631048424458,2.25467802869714
120.207932722748,1.79339738186024,7.89461781608639,10.0604824975193,8.26560619604809,2.98168274269336,8.17056200207945,2.2475785326955
107.083836776037,1.88653090873169,7.84697976454087,10.0190017270086,8.22701340332584,2.97534429861034,8.13104797973439,2.23970117997888
95.3926071179071,1.99008372340984,7.79445800239048,9.97320462655504,8.18445992971952,2.96828466407659,8.08744708765203,2.23097226261368
84.977805864234,2.1051015229955,7.73666682785927,9.92273408606936,8.1376315826437,2.96042941627059,8.03942784125083,2.22131378440947
75.7000747508017,2.23270807898078,7.67321603353988,9.86722409859079,8.08620998389606,2.95169839886755,7.98665249765437,2.21064385867949
67.4352704096926,2.37410526424538,7.6037173156447,9.80630448725362,8.02987761916397,2.94200578643317,7.92878200732978,2.19887729287287
60.0728032330007,2.53057170982401,7.52779205316461,9.73960676475672,7.96832396671655,2.9312603060627,7.86548210210342,2.18592638928491
53.5141575965584,2.70345987212217,7.44508048453593,9.6667711775564,7.90125272423396,2.91936565428318,7.79643056367295,2.17170198947993
47.6715736430974,2.89419131441485,7.35525223717324,9.58745493860489,7.82839009528055,2.90622114990819,7.72132566381145,2.15611478621606
42.4668729860639,3.10425004949621,7.25801807280233,9.50134158930801,7.74949402394891,2.89172266434132,7.639895698196,2.13907692002592
37.8304126210782,3.33517385614458,7.15314260076051,9.40815135450852,7.66436417940105,2.87576386891576,7.55190945106043,2.12050386774482
33.7001530475455,3.58854357204718,7.04045758714873,9.30765226674519,7.57285239553103,2.8582378333255,7.45718733075187,2.10031661692382
30.020828131153,3.86597047914523,6.91987535826429,9.19967174310878,7.47487317168835,2.83903899919301,7.35561281251539,2.07844410322429
26.7432055993547,4.16908203011783,6.79140167407,9.08410820732597,7.37041374808169,2.81806553768323,7.24714372303227,2.05482586794547
23.8234282746912,4.49950630938747,6.65514734658941,8.96094227070397,7.25954319621451,2.79522207956081,7.1318228125339,2.02941487062121
21.2224272311264,4.85885576722728,6.51133781580078,8.83024692861138,7.14241992376801,2.77042278053527,7.0097869975097,2.00218036846936
18.9053990209682,5.24871089646585,6.36031988812332,8.69219620407234,7.01929699741152,2.7435946552294,6.88127463307664,1.97311075218653
16.8413399772584,5.67060462079219,6.20256490299019,8.54707168440828,6.89052474583949,2.71468108153751,6.74663020005105,1.94221620831814
15.0026313602281,6.12600821423597,6.03866772810337,8.39526645442925,6.75655022331131,2.68364534615387,6.60630587459699,1.90953106454261
13.3646697967521,6.61631955761828,5.86934119186122,8.23728602925566,6.61791328812311,2.65047407481116,6.46085958881108,1.87511566796816
11.9055380677901,7.14285444913392,5.69540583015525,8.07374602504632,6.47523926932419,2.61518037058663,6.31094938210648,1.83905764988495
10.6057118386903,7.70684151970917,5.51777513252323,7.90536646593498,6.32922843905132,2.57780647353052,6.15732407161162,1.80147244468077
9.44779840817503,8.30942106562016,5.33743679023485,7.73296279682936,6.18064275137473,2.53842575715282,6.00081051451276,1.762502956336
8.41630398026519,8.95164781708748,5.15543074314528,7.55743384024775,6.03029052296288,2.49714389326368,5.84229797192383,1.72231830264155
7.49742634505582,9.63449733699721,4.97282506065749,7.37974708808099,5.87900988890085,2.45409904646295,5.68272028723539,1.68111161358509
6.67887019424954,10.3588754196399,4.7906908476702,7.20092184539523,5.72765194683621,2.40946100228819,5.5230367392282,1.63909691374689
5.94968260022336,11.1256295691206,4.61007742067866,7.02201083507916,5.57706449150296,2.36342918675765,5.36421250423566,1.59650517554388
5.3001064572087,11.9355614129199,4.43198894544057,6.84408092375865,5.42807713822996,2.31622959697415,5.20719965282317,1.55357968635422
4.72144992351201,12.7894387740888,4.25736357174178,6.66819363804975,5.28148844931534,2.26811072882724,5.05291951484154,1.51057092284535
4.20597011780999,13.6880061022522,4.08705586134665,6.495386106345,5.13805543400155,2.21933865383345,4.90224708270134,1.46773116484352
3.74676951328373,14.6319920534267,3.92182301182617,6.3266529899424,4.99848552367303,2.17019145693369,4.75599790687471,1.42530910381926
3.33770364326363,15.6221132029114,3.76231506901255,6.16292986893576,4.86343086689395,2.12095329406893,4.61491769893499,1.38354470372312
2.97329888341379,16.6590731530868,3.60906903427765,6.00507843844815,4.73348458209692,2.07190835613542,4.47967462955403,1.34266455275253
2.6486792103164,17.7435566277662,3.46250654547343,5.8538737676153,4.60917848057141,2.02333502938057,4.35085412455401,1.30287790464265
2.35950095642839,18.876218489797,3.32293466688925,5.7099937934946,4.49098174717532,1.97550051906373,4.22895584664445,1.2643735511517
2.10189468837997,20.0576679412114,3.19054927215325,5.57401117427946,4.3793001413328,1.92865615469682,4.11439251577783,1.22731759999088
1.87241343090085,21.2884484325083,3.06544053435874,5.44638760986787,4.27447543763037,1.88303352696229,4.0074902622977,1.19185216252997
1.66798654356945,22.5690139965889,2.94760012365341,5.32747074087073,4.17678502872223,1.83884152753001,3.90849030324064,1.15809489140074
1.48587863321949,23.8997028236851,2.83692981871179,5.21749373935183,4.0864418191073,1.79626428439709,3.81755185090611,1.12613925661162
1.32365295221957,25.2807089109431,2.73325132943687,5.11657768368469,4.00359470261772,1.75545991771283,3.73475626817857,1.09605541460538
1.17913879286584,26.712052571713,2.63631717718113,5.02473674864671,3.92833000475663,1.71655999253379,3.66011254627819,1.06789150949705
1.05040244159897,28.1935505017546,2.54582247385556,4.94188613391982,3.86067426562868,1.67966951978452,3.5935641791527,1.04167524826545
0.935721304389829,29.7247860029155,2.46141738718074,4.86785250682609,3.80059864206211,1.64486735453545,3.53499744216919,1.01741560839961
0.833560857071281,31.3050798875699,2.38271999446947,4.80238656805098,3.74802503861079,1.61220685724931,3.48425096425488,0.995104562595755
0.742554112193154,32.9334625499878,2.30932913784517,4.74517718956151,3.70283386906492,1.58171671210709,3.44112633673534,0.974718735533913
0.661483327650798,34.608647703532,2.24083682618891,4.69586645013985,3.66487314064737,1.55340182950818,3.4053993584725,0.956220938211988
0.589263712334212,36.3290083425717,2.17683970376914,4.65406482854293,3.63396837752298,1.52724429104958,3.37683140355314,0.939561552705869
0.524928910766447,38.0925555814597,2.11694913269159,4.61936581951177,3.60993278540163,1.50320432063604,3.35518033573746,0.924679762893252
0.467618072504291,39.8969211279319,2.0607995150521,4.59135931358299,3.59257701969191,1.48122128327253,3.34021039399151,0.911504644178463
0.416564333279633,41.7393442392093,2.00805460044273,4.56964321630857,3.58171795790795,1.46121472405021,3.33170053570802,0.899956137967003
0.371084553750032,43.6166640610932,1.95841166848375,4.55383295603189,3.57718598357168,1.44308546558539,3.32945083925777,0.889945945319361
0.330570178554922,45.5253182436325,1.91160362528084,4.5435687174799,3.5788304459548,1.42671678470773,3.33328671921035,0.881378379610559
0.294479093364376,47.4613486495923,1.86739918933295,4.53852041677395,3.58652314493553,1.41197569004231,3.34306087635815,0.874151220613693
0.262328370961317,49.4204148213723,1.82560145239336,4.5383905812768,3.60015987866431,1.39871432197834,3.35865307062858,0.868156612325689
0.233687809294049,51.3978156549135,1.78604517512463,4.54291540036666,3.61966026062178,1.38677149526485,3.37996795028845,0.863282043857913
0.208174175033109,53.3885194600488,1.74859321240237,4.5518642637148,3.64496614266052,1.37597440158349,3.40693128173429,0.85941144647163
0.185446075606731,55.387202285792,1.71313245991701,4.5650381028189,3.67603905779159,1.36614048445605,3.43948499194654,0.856426430088084
0.165199391098669,57.3882940789868,1.67956967725876,4.58226680760104,3.71285711342839,1.35707949181697,3.47758145729395,0.854207669427273
0.14716320488359,59.386031947949,1.6478274806616,4.60340591687191,3.75541172236608,1.34859570339019,3.52117745022135,0.852636433944381
0.131096178548711,61.374519538618,1.61784072035982,4.62833269715783,3.80370446207321,1.34049032227702,3.57022809668771,0.851596238158275
0.11678332259528,63.3477913136404,1.58955337295618,4.65694164762804,3.85774421673433,1.33256401486087,3.62468111297573,0.850974571535297
0.104033119709326,65.2998803629387,1.56291599774493,4.68913941677189,3.91754460019858,1.32461958190112,3.68447149380045,0.850664651805287
0.0926749621087791,67.2248882697778,1.53788373569721,4.72483910184709,3.98312150435006,1.31646474702472,3.74951672814958,0.850567134371737
0.0825568686766368,69.1170555060525,1.51441477690555,4.76395393134037,4.05449049017165,1.30791505545461,3.81971253752588,0.850591704827651
0.0735434513336134,70.9708308279424,1.49246919029904,4.80639040248124,4.13166365966667,1.29879688248818,3.89492907325566,0.85065848227819
0.0655141034387387,72.7809381802101,1.47200799924178,4.85204105104618,4.21464563248218,1.28895055318438,3.9750074817929,0.850699168109909
0.0583613859772724,74.5424396865776,1.45299239637433,4.90077715302922,4.30342831025584,1.27823356678279,4.05975675192675,0.850657887087007
0.0519895899418531,76.2507933987766,1.43538301654775,4.95244177586118,4.39798424299651,1.26652389765188,4.14895079372963,0.850491683551981
0.0463134556704088,77.9019045942087,1.41913922197728,5.00684368724433,4.49825860273071,1.25372330803157,4.24232576023475,0.850170652993265
0.041257032004559,79.4921695499973,1.40421839195628,5.06375267051,4.60415999723909,1.23976055952627,4.33957770005287,0.849677706184339
0.0367526600031436,81.0185108795014,1.39057524387853,5.12289677063995,4.71555059000297,1.2245943574371,4.44036071068695,0.849007977706745
0.0327400676121688,82.4784036969157,1.37816123729763,5.18396189804268,4.83223619677665,1.20821581493294,4.5442858349471,0.848167901883496
0.0291655631771333,83.8698920773489,1.36692412466454,5.24659405287649,4.95395717161152,1.19065019408347,4.65092099326924,0.847173986926952
0.0259813170062969,85.1915955040786,1.35680771007742,5.31040421813262,5.08038095045962,1.17195767759907,4.75979226107777,0.846051323490282
0.0231447213716394,86.4427052404085,1.34775186225561,5.37497573153425,5.21109707597878,1.15223295437591,4.87038677405708,0.844831868684949
0.0206178203838162,87.6229708273301,1.33969280354776,5.43987371658014,5.34561538530439,1.13160346374126,4.98215747171888,0.843552553113237
0.0183668021123901,88.73267718351,1.33256366795854,5.50465596334469,5.48336782054847,1.11022623211726,5.09452977362906,0.842253268100908
0.016361546155504,89.772613060839,1.32629529309147,5.56888452531347,5.62371404812485,1.08828334172466,5.20691013254769,0.840974803221363
0.0145752206051209,90.7440318731053,1.32081718804406,5.63213725431035,5.76595078178767,1.06597618163105,5.31869624027902,0.839756818588879
0.0129839230149088,91.6486061508332,1.31605860472429,5.69401853341126,5.90932442887281,1.04351873450388,5.42928849550639,0.838635948683631
0.0115663605666351,92.4883770645497,1.31194963507791,5.75416857737786,6.05304644688122,1.02113023714706,5.53810220026695,0.837644140115386
0.0103035651554463,93.2657005858799,1.30842226088467,5.8122708319802,6.19631062616819,0.999027611262435,5.64457985311729,0.836807320604153
0.00917863958164785,93.9831919092045,1.30541129429893,5.86805719299237,6.33831141219385,0.977418087786506,5.74820286718405,0.836144478297251
0.00817653145283022,94.6436697307023,1.30285516358142,5.92131095762782,6.47826234740292,0.956492441212074,5.8485020667919,0.835667200003511
0.00728383177097356,95.2501018784492,1.30069651669688,5.97186759427276,6.61541374262296,0.936419209591555,5.94506640444883,0.835379677740042
0.00648859550946625,95.8055536161793,1.29888263313585,6.01961355525485,6.74906877215889,0.917340204018702,6.03754947902947,0.835279151179479
0.00578018177921731,96.3131397197147,1.29736564957714,6.06448345388375,6.87859731539413,0.89936751368079,6.12567360779157,0.835356715960621
0.00514911144515838,96.7759811681666,1.29610261671186,6.10645597972164,7.00344702974646,0.882582097484115,6.20923138787683,0.835598400258322
0.00458694028793175,97.1971670222822,1.29505541229784,6.14554893898762,7.12315132342127,0.867033931989171,6.28808485609622,0.835986398096297
0.00408614601356804,97.579721799036,1.29419053948158,6.18181378771602,7.23733408864955,0.852743570877434,6.36216250164805,0.836500348340685
0.00364002759925319,97.9265784108124,1.29347884018825,6.21532998298312,7.34571124336323,0.839704876175941,6.43145449332692,0.837118561179233
0.00324261562835224,98.2405565310128,1.29289515171022,6.24619942146513,7.44808929819724,0.827888616295403,6.49600654572507,0.837819115393034
0.00288859241490132,98.5243460825234,1.29241793133525,6.27454117299845,7.54436130470214,0.817246596404279,6.55591286902163,0.838580775372579
0.00257322084877062,98.7804954235681,1.29202886968813,6.3004866561709,7.6345006413223,0.807715992989683,6.61130863009153,0.839383702430563
0.00229228100939052,99.0114037256022,1.29171250901516,6.32417534783768,7.71855315194161,0.799223601506324,6.66236230767817,0.840209957334736
0.00204201369988231,99.2193169958788,1.2914558783615,6.34575107154596,7.79662816812268,0.791689764729793,6.7092682611942,0.841043808236828
0.00181907014603578,99.4063271871898,1.29124815376008,6.36535887234423,7.86888892519255,0.785031819012376,6.75223976084078,0.841871869663654
0.00162046718706606,99.5743738523549,1.29108034831829,6.38314245734989,7.93554283171317,0.779166965771238,6.79150265417755,0.842683104290595
0.00144354735856686,99.7252478345765,1.29094503450376,6.39924216197494,7.99683198088962,0.77401453807787,6.82728977702286,0.843468720771592
0.00128594333353842,99.8605965306434,1.29083609896967,6.41379338963109,8.05302421058918,0.769497682053028,6.85983615847052,0.844221999156208
0.00114554624568302,99.9819303168273,1.29074852885758,6.42692546664124,8.10440493440372,0.765544507856223,6.88937502281428,0.844938071588311
0.00102047747110876,100.090629782906,1.29067822758393,6.43876085256083,8.15126988641476,0.762088785849067,6.91613455566784,0.845613681093299
0.000909063490858571,100.187953474792,1.29062185756155,6.44941464787771,8.19391885180921,0.759070272120796,6.94033537685666,0.846246936120189
0.000809813497905134,100.275045898427,1.29057670704104,6.45899434501331,8.2326503970115,0.756434746908497,6.96218864736186,0.846837073656458
0.000721399448975752,100.352945585443,1.29054057820107,6.46759977380817,8.26775756756202,0.754133842554689,6.98189473001646,0.847384239497482
0.000642638294284747,100.422593063731,1.29051169370424,6.47532319855974,8.29952448924197,0.752124727212767,6.9996423220323,0.847889290772904
0.000572476147393191,100.484838613142,1.2904886191168,6.48224952969496,8.32822378666209,0.750369698662003,7.0156079801284,0.848353623128256
0.000509974183376218,100.540449718213,1.29047019882321,6.48845661896602,8.35411472191596,0.748835730834223,7.02995596461345,0.848779022972836
0.000454296076604247,100.590118156161,1.2904555033245,6.49401561243771,8.37744195197213,0.747494004927183,7.04283833608003,0.849167543833308
0.000404696810045691,100.634466680115,1.29044378606935,6.49899134037001,8.39843480530462,0.746319447776374,7.05439524649278,0.849521404981109
0.000360512706350822,100.674055274905,1.29043444821746,6.50344272733863,8.41730698409298,0.745290292641327,7.06475537473316,0.849842910016515
0.000321152547324801,100.709386976503,1.29042700996729,6.50742320957622,8.43425660668495,0.744387671684505,7.07403646464349,0.850134382891127
0.000286089662961399,100.740913256769,1.29042108728948,6.51098114958718,8.44946651472786,0.743595245007981,7.08234593099917,0.850398118847687
0.000254854884182468,100.769038983108,1.29041637309325,6.51416024063665,8.46310477954615,0.7428988679372,7.08978150546994,0.850636347883033
0.000227030264985221,100.794126968423,1.29041262201439,6.51699989579602,8.47532535233559,0.742286296062647,7.09643190043721,0.850851208544148
0.00020224348999471,100.816502130737,1.29040963815228,6.51953561790388,8.486268812135,0.741746926145145,7.10237747351419,0.851044730110402
0.000180162892590126,100.836455284473,1.29040726520118,6.52179934813124,8.49606317406955,0.741271570163522,7.10769087980751,0.851218821470306
0.000160493016943538,100.854246586839,1.29040537852066,6.52381979187762,8.50482472790963,0.7408522593731,7.1124377024292,0.851375265250589
0.000142970664587623,100.870108663425,1.29040387877278,6.52562272152098,8.51265888352214,0.74048207512172,7.11667705459621,0.85151571598834
0.000127361372612353,100.884249437059,1.29040268682256,6.52723125614267,8.51966100533539,0.740155003238714,7.12046214892318,0.851641701347088
0.000113456276366129,100.896854683483,1.29040173965556,6.52866611878581,8.52591722256332,0.739865808998476,7.12384083130498,0.851754625562665
0.000101069314681829,100.908090336571,1.29040098711262,6.52994587211603,8.53150520572939,0.739609929911708,7.12685607817543,0.8518557744642
9.00347402314721e-05,100.918104564702,1.29040038928057,6.5310871335615,8.53649490309641,0.739383383877914,7.12954645698533,0.851946321550826
8.02049016961037e-05,100.92702963869,1.29039991440874,6.53210477113961,8.54094923304469,0.739182690517678,7.13194655052833,0.852027334717711
7.14482680745604e-05,100.934983610358,1.2903995372463,6.53301208124674,8.54492473034633,0.739004803777785,7.13408734630922,0.852099783318335
6.36476686948207e-05,100.942071819471,1.29039923771642,6.53382094971167,8.54847214574346,0.738847054157115,7.1359965925407,0.852164545325964
5.66987253778941e-05,100.948388245426,1.29039899985942,6.53454199740272,8.55163699933452,0.738707099131967,7.13769912260858,0.852222414418728
5.05084557753714e-05,100.954016718755,1.29039881099084,6.53518471164481,8.554460089072,0.738582880564562,7.13921714999291,0.852274106861609
4.49940291921852e-05,100.959032006248,1.29039866103102,6.53575756465076,8.55697795623697,0.738472588058098,7.14057053569921,0.852320268097389
4.00816582465062e-05,100.963500782299,1.29039854197135,6.53626812010894,8.55922331013048,0.73837462737749,7.14177703025879,0.852361478988709
3.57056115363135e-05,100.967482497927,1.2903984474496,6.53672312899982,8.56122541444946,0.738287593188713,7.14285249231879,0.852398261676711
3.18073341013345e-05,100.971030157899,1.29039837241205,6.53712861564151,8.56301043793031,0.738210245483995,7.14381108577126,0.852431085039334
2.8334663911441e-05,100.974191015367,1.29039831284481,6.53748995489034,8.56460177187373,0.738141489157191,7.14466545727903,0.852460369745548
2.52411338975005e-05,100.97700719254,1.29039826556015,6.53781194135036,8.56602031713219,0.738080356275893,7.14542689595006,0.852486492911431
2.24853501853005e-05,100.979516235101,1.29039822802668,6.53809885137465,8.5672847430639,0.738025990666227,7.14610547679873,0.85250979237084
2.00304382128277e-05,100.981751607264,1.29039819823435,6.53835449857448,8.56841172084883,0.737977634484796,7.14671018951644,0.85253057057808
1.7843549319512e-05,100.983743133741,1.29039817458719,6.5385822834882,8.56941613343336,0.737934616501435,7.14724905395717,0.852549098162958
1.58954212052113e-05,100.985517394198,1.29039815581811,6.5387852380026,8.57031126422947,0.737896341857939,7.14772922363091,0.852565617160349
1.41599863775304e-05,100.98709807524,1.29039814092112,6.53896606506356,8.57110896654759,0.737862283102705,7.14815707838821,0.852580343937111
1.26140233481898e-05,100.988506284449,1.29039812909764,6.53912717416189,8.57181981559507,0.737831972330678,7.14853830737568,0.852593471839276
1.12368459111772e-05,100.989760830504,1.29039811971369,6.53927071303276,8.57245324472688,0.737804994282674,7.14887798324497,0.852605173581952
1.00100263449774e-05,100.990878473017,1.29039811226604,6.53939859596411,8.57301766749498,0.737780980279059,7.14918062850638,0.852615603403572
8.91714883510793e-06,100.991874145338,1.29039810635522,6.53951252906998,8.57352058690918,0.73775960288043,7.14945027483427,0.85262489900506
7.94358981755973e-06,100.992761153212,1.29039810166417,6.53961403284853,8.57396869319578,0.737740571182872,7.14969051605352,0.852633183293295
7.07632230396372e-06,100.993551351904,1.29039809794121,6.53970446231229,8.57436795122265,0.737723626668076,7.14990455546486,0.85264056594696
6.30374157020075e-06,100.994255304102,1.29039809498658,6.53978502494844,8.57472367864919,0.737708539539392,7.15009524810186,0.852647144821571
5.61550987602962e-06,100.994882420675,1.29039809264174,6.53985679674029,8.57504061575852,0.737695105484083,7.1502651384524,0.852653007209154
5.00241813796023e-06,100.99544108614,1.29039809078084,6.53992073645709,8.57532298783602,0.737683142809938,7.15041649412405,0.852658230966799
4.45626270444504e-06,100.995938770486,1.29039808930403,6.53997769839766,8.57557456087301,0.737672489911103,7.15055133588318,0.852662885527094
3.96973558454375e-06,100.996382128839,1.29039808813203,6.54002844375368,8.57579869129637,0.737663003023805,7.15067146445371,0.852667032802282
3.53632666123425e-06,100.996777090286,1.29039808720193,6.54007365074125,8.57599837035435,0.737654554237635,7.150778484421,0.852670727992917
3.15023658090657e-06,100.997128937027,1.29039808646381,6.54011392363316,8.57617626372421,0.737647029732302,7.15087382555083,0.852674020310786
2.80629915343234e-06,100.997442374907,1.29039808587805,6.54014980081062,8.57633474684969,0.737640328213567,7.15095876180034,0.85267695362494
2.4999122244618e-06,100.997721596275,1.29039808541319,6.54018176194028,8.57647593646308,0.737634359525211,7.15103442826895,0.852679567038785
2.22697609496471e-06,100.997970335984,1.29039808504429,6.54021023437118,8.57660171869987,0.737629043416766,7.15110183631101,0.852681895405465
1.98383866402029e-06,100.9981919213,1.29039808475154,6.54023559883608,8.57671377417086,0.73762430844912,7.15116188700835,0.852683969787982
1.76724656082318e-06,100.998389316358,1.29039808451921,6.54025819453246,8.57681360031845,0.737620091022248,7.15121538317953,0.852685817869888
1.57430161201324e-06,100.998565161788,1.29039808433485,6.54027832365058,8.57690253134907,0.737616334511232,7.15126304008438,0.852687464321788
1.40242206182766e-06,100.998721810005,1.29039808418854,6.54029625540857,8.57698175600294,0.737612988498254,7.15130549496453,0.852688931128323
1.24930802617029e-06,100.998861356662,1.29039808407243,6.54031222964799,8.57705233339459,0.73761000808979,7.15134331554634,0.852690237879869
1.11291071834642e-06,100.998985668667,1.29039808398029,6.54032646003784,8.57711520713233,0.737607353309401,7.15137700761857,0.852691402032703
9.91405034679191e-07,100.999096409144,1.29039808390717,6.54033913692927,8.577171217903,0.737604988557663,7.15140702178513,0.852692439141024
8.83165133181244e-07,100.999195059678,1.29039808384914,6.5403504298994,8.57722111468816,0.737602882131717,7.15143375948261,0.852693363063837
7.86742678505197e-07,100.999282940121,1.2903980838031,6.54036049001762,8.57726556475984,0.737601005797814,7.15145757834232,0.85269418614942
7.00847462073104e-07,100.999361226251,1.29039808376656,6.54036945186492,8.57730516258853,0.737599334410946,7.15147879696816,0.852694919399768
6.24330138066951e-07,100.999430965491,1.29039808373756,6.54037743533305,8.57734043778112,0.737597845576336,7.1514976991938,0.852695572617191
5.56166844274083e-07,100.999493090923,1.29039808371454,6.5403845472274,8.57737186215447,0.737596519348154,7.15151453787587,0.852696154534988
4.95445502002372e-07,100.999548433768,1.29039808369628,6.54039088269507,8.57739985603826,0.737595337961334,7.15152953827364,0.852696672933911
4.41353611747154e-07,100.999597734503,1.29039808368179,6.54039652649721,8.57742479389116,0.73759428559284,7.15154290106014,0.852697134745969
3.93167381306299e-07,100.999641652771,1.29039808367029,6.54040155414248,8.57744700930484,0.737593348149133,7.151554805005,0.85269754614694
3.50242040869056e-07,100.999680776197,1.29039808366116,6.54040603289694,8.57746679946247,0.737592513076935,7.15156540936461,0.852697912638812
3.12003215486882e-07,100.999715628259,1.29039808365392,6.54041002268363,8.57748442911124,0.737591769194751,7.15157485601161,0.852698239123248
2.77939239483097e-07,100.999746675284,1.29039808364817,6.54041357688414,8.57750013410153,0.737591106542842,7.15158327133211,0.852698529967052
2.47594309962138e-07,100.999774332687,1.29039808364361,6.54041674305256,8.57751412454023,0.737590516249632,7.15159076791584,0.852698789060504
2.20562387806904e-07,100.999798970535,1.29039808363999,6.54041956355163,8.57752658760009,0.737589990412752,7.15159744606201,0.852699019869334
1.96481764554777e-07,100.99982091849,1.29039808363712,6.54042207611938,8.57753769002259,0.737589521993082,7.15160339512072,0.85269922548104
1.75030222452781e-07,100.999840470225,1.29039808363484,6.540424314374,8.57754758034777,0.737589104720418,7.15160869468815,0.85269940864615
1.55920722929628e-07,100.999857887351,1.29039808363303,6.54042630826357,8.57755639090083,0.737588733009428,7.15161341567118,0.852699571814985
1.38897565792996e-07,100.999873402917,1.2903980836316,6.54042808446666,8.57756423956187,0.737588401884828,7.15161762123592,0.85269971717042
1.23732967759052e-07,100.999887224531,1.29039808363046,6.54042966674929,8.57757123134262,0.737588106914716,7.15162136765268,0.852699846657066
1.10224014532258e-07,100.999899537133,1.29039808362956,6.54043107628289,8.57757745979103,0.737587844151216,7.15162470504872,0.852699962007271
9.81899456518835e-08,100.999910505472,1.29039808362884,6.54043233192751,8.57758300824265,0.737587610077591,7.15162767807886,0.852700064764284
