"row","fold5","fold10"
1,1,6
2,4,9
3,4,9
4,1,6
5,2,2
6,4,9
7,1,1
8,1,6
9,2,2
10,1,1
11,5,5
12,1,1
13,2,7
14,3,3
15,2,2
16,1,6
17,1,6
18,4,4
19,2,2
20,2,7
21,2,2
22,1,1
23,2,7
24,2,2
25,5,5
26,5,10
27,5,10
28,5,10
29,5,10
30,5,10
31,2,2
32,2,2
33,3,8
34,3,3
35,2,7
36,4,9
37,5,5
38,1,1
39,2,2
40,3,8
41,3,3
42,1,1
43,3,8
44,2,2
45,5,10
46,5,5
47,3,3
48,3,3
49,2,2
50,1,6
51,2,7
52,5,10
53,4,9
54,4,9
55,3,8
56,4,4
57,5,5
58,3,8
59,1,6
60,5,5
61,4,9
62,2,7
63,2,7
64,5,5
65,1,1
66,4,9
67,1,1
68,1,6
69,4,4
70,3,3
71,5,10
72,4,9
73,3,3
74,1,6
75,3,3
76,5,10
77,2,2
78,5,5
79,3,3
80,4,4
81,1,6
82,2,7
83,1,6
84,4,4
85,4,4
86,5,10
87,1,6
88,4,9
89,2,2
90,2,2
91,3,3
92,1,6
93,3,8
94,3,8
95,4,4
96,4,9
97,4,9
98,5,10
99,3,8
100,3,8
101,3,3
102,4,4
103,3,8
104,2,7
105,2,7
106,1,1
107,2,7
108,1,1
109,3,3
110,4,4
111,5,5
112,4,9
113,1,6
114,5,5
115,5,5
116,2,7
117,4,9
118,2,7
119,3,3
120,3,8
121,4,4
122,3,8
123,2,7
124,5,10
125,3,3
126,1,1
127,4,9
128,3,8
129,5,5
130,3,3
131,5,10
132,3,3
133,1,6
134,5,10
135,5,10
136,5,10
137,2,7
138,1,6
139,5,10
140,2,2
141,3,8
142,1,1
143,1,1
144,3,8
145,4,4
146,2,2
147,5,5
148,4,4
149,2,7
150,5,10
151,1,6
152,5,5
153,1,1
154,4,9
155,3,8
156,1,1
157,3,8
158,5,5
159,1,1
160,2,7
161,3,8
162,1,1
163,2,2
164,4,4
165,3,8
166,4,9
167,4,4
168,1,6
169,3,3
170,5,5
171,1,6
172,3,8
173,1,1
174,5,5
175,4,9
176,4,4
177,2,2
178,5,5
179,2,2
180,4,4
181,2,7
182,5,5
183,1,6
184,3,3
185,5,5
186,1,1
187,5,10
188,4,4
189,4,4
190,1,1
191,3,3
192,2,7
193,2,7
194,5,10
195,4,4
196,2,2
197,4,4
198,4,9
199,4,9
200,3,3
