"","s0","s1","s2","s3","s4","s5","s6","s7","s8","s9","s10","s11","s12","s13","s14","s15","s16","s17","s18","s19","s20","s21","s22","s23","s24","s25","s26","s27","s28","s29","s30","s31","s32","s33","s34","s35","s36","s37","s38","s39","s40","s41","s42","s43","s44","s45","s46","s47","s48","s49","s50","s51","s52","s53","s54","s55","s56","s57","s58","s59","s60","s61","s62","s63","s64","s65","s66","s67","s68","s69","s70","s71","s72","s73","s74","s75","s76","s77","s78","s79","s80","s81","s82","s83","s84","s85","s86","s87","s88","s89","s90","s91","s92","s93","s94","s95","s96","s97","s98","s99","s100","s101","s102","s103","s104","s105","s106","s107","s108","s109","s110","s111","s112","s113","s114","s115","s116","s117","s118","s119","s120","s121","s122","s123","s124","s125","s126","s127","s128","s129","s130","s131","s132","s133","s134","s135","s136","s137","s138","s139","s140","s141","s142","s143","s144","s145","s146","s147","s148","s149","s150","s151","s152","s153","s154","s155","s156","s157","s158","s159","s160","s161","s162","s163","s164","s165","s166","s167","s168","s169","s170","s171","s172","s173","s174","s175","s176","s177","s178","s179","s180","s181","s182","s183","s184","s185","s186","s187","s188","s189","s190","s191","s192","s193","s194","s195","s196","s197","s198","s199","s200","s201","s202","s203","s204","s205","s206","s207","s208","s209","s210","s211","s212","s213","s214","s215","s216","s217","s218","s219","s220","s221","s222","s223","s224","s225","s226","s227","s228","s229","s230","s231","s232","s233","s234","s235","s236","s237","s238","s239"
"Intercept",1.17099952074478,1.17259101662849,1.17132868485901,1.169820106685,1.16836854070129,1.16697184955232,1.16562795875715,1.1643348722572,1.16309066945265,1.16189350234983,1.16074159281639,1.15963322994032,1.15856641529771,1.15754028253398,1.15655294162877,1.15560292604719,1.15468882474691,1.15380928002852,1.15296298551892,1.15214868423099,1.1513651666966,1.15061126917023,1.14988587190045,1.14918789746679,1.14851630917946,1.14787010953959,1.14724833875762,1.14665007332778,1.1460744246564,1.14552053774212,1.14462531221777,1.14370134237362,1.14281211508587,1.14195650400221,1.14113323834291,1.14034109532524,1.13957889839237,1.13884617555398,1.13814049267076,1.13746148707118,1.13680815052219,1.136179512634,1.13557463970124,1.13499263331624,1.13443262903462,1.13389379509135,1.13337533116537,1.13287646719084,1.13239646221344,1.13193460328976,1.13149020442846,1.13106260557132,1.13065183244565,1.13007988063049,1.12948483531525,1.12890995074565,1.12835679717923,1.12782455496625,1.12731243357754,1.12686537982175,1.12664726513785,1.12624283120806,1.12585377309352,1.12547942675052,1.12511923217096,1.12477265434649,1.1244391785108,1.12411830935778,1.12380957030583,1.12351250278999,1.12322666558083,1.12295163412911,1.12270102957712,1.12264203017649,1.12258447099049,1.12252789759483,1.12246851245038,1.12239597089553,1.12232932186425,1.1222651370959,1.12231720516964,1.12241164118667,1.1225025613611,1.12259004265936,1.1226742168075,1.1227552088456,1.12283236951609,1.12290737100576,1.1229795487985,1.1230489980999,1.12311582194852,1.12318011959595,1.12324198654241,1.12330151467785,1.1233587924184,1.12341321048325,1.12346624982248,1.12351729970447,1.12356641992976,1.12361368322219,1.12365915977849,1.12370291714422,1.12326107669037,1.12216107590311,1.12110039063151,1.12007915140674,1.11909652034408,1.11815103655457,1.11704047149761,1.1159084002248,1.11463903039567,1.11342275204154,1.1122517698497,1.11112504993484,1.11004092443964,1.10899608623421,1.10825321552251,1.10767829100898,1.10713029426094,1.10660298647117,1.10609561313266,1.10560742047735,1.10513502219903,1.10468316064469,1.10424836407939,1.10383000461842,1.10342746077045,1.10306334734629,1.10270648963048,1.10237330432107,1.10205263100503,1.1017440807305,1.10144719485344,1.10116153241642,1.10087285772087,1.10050871465731,1.10016682355144,1.09978760158747,1.09938456873635,1.09900949060686,1.09864627792406,1.09829902444057,1.09796488493572,1.09764337750257,1.09733402429662,1.09703636584424,1.09682933926281,1.09673887003144,1.09664989005916,1.0965625718045,1.09648015393153,1.09640083966428,1.09632452375285,1.09625109287763,1.09618043797486,1.09611088138975,1.0960455432405,1.09598265879992,1.09592215175765,1.09586393210759,1.09580791338667,1.09575248574688,1.09570069871658,1.09565085060596,1.09560288721297,1.09555673700339,1.09551142433931,1.09549313285225,1.09546817589803,1.09544499601604,1.09542264366318,1.0954011391776,1.09537871765489,1.09535900799011,1.09533990546973,1.09532152826464,1.0953038463886,1.09528516021737,1.09528320010963,1.09528395346026,1.09528580032701,1.09528922298394,1.09529245358974,1.0952955563016,1.09529630814109,1.09529935150227,1.09530221135925,1.09530494380281,1.09530543149456,1.09530808001188,1.09531062134592,1.09531303574644,1.09531332889484,1.0953156139401,1.09531788221232,1.0953200233079,1.0953201803148,1.0953221271319,1.09532415874595,1.09532606582372,1.09532613537073,1.09532776502609,1.09532958733275,1.09533129509274,1.09533439245188,1.09533578639458,1.09533432270456,1.09533569507331,1.09533881557502,1.09534011035707,1.09534136191984,1.09534161377034,1.09534258246836,1.09534379159549,1.09534406924897,1.0953448715657,1.09534596713566,1.09534848692746,1.09534863076475,1.09534998125489,1.09535042510933,1.09535083352524,1.09535285871573,1.09535248673551,1.09535270499612,1.09535337119181,1.0953553180251,1.09535619342646,1.09535671114928,1.0953563763642,1.09535627246137,1.09535802391552,1.09535813628918,1.0953582252114,1.09535858528718,1.09535909009063,1.09535964080708,1.09536031309297,1.09536061515542,1.09536095318297
"x1",0,0,0.0423040047662104,0.0874602573027043,0.130909699468716,0.172716583867051,0.212943005548727,0.251648712147051,0.288891192602575,0.324725762550467,0.359205646479887,0.392382056787453,0.424309603016181,0.45502483151992,0.484578904222781,0.513015718112665,0.54037750991515,0.566704919643314,0.592037050959791,0.616411529256786,0.639864557540444,0.662430970202571,0.684144284759576,0.70503675163548,0.725139402062931,0.744482094173376,0.763093557344848,0.781001434873229,0.798232325030382,0.814811820570112,0.830434729605878,0.845427333040129,0.85985552799741,0.873738281670964,0.887096213299139,0.899949163194907,0.912316221630413,0.924207348165668,0.93565734940636,0.946674499618516,0.957275158734778,0.967475071735983,0.977289388382819,0.986732685716135,0.995818989707986,1.00456179609417,1.01297409041921,1.02106836732359,1.02885664910181,1.03635050355892,1.04356106119198,1.050499031722,1.05716634078394,1.06392440163223,1.07044952321692,1.07675724585703,1.08282653620355,1.08866638380223,1.09428546246458,1.09973617417481,1.10505610259889,1.11037947686642,1.11550198416476,1.12043079163849,1.12517327081443,1.12973646584463,1.13412715436739,1.13835185779917,1.14241685102152,1.14632817170108,1.15009162925724,1.15371281349075,1.15719595782724,1.16040173454923,1.16347706253814,1.16644368424308,1.16855539946579,1.17003637248763,1.1714605936276,1.17282985843507,1.1740062356002,1.17507761942259,1.17610920086569,1.17710179226011,1.17805685988956,1.17897582225066,1.17986651439393,1.18071712085346,1.18153551528798,1.18232297095458,1.18308065773676,1.18380970101377,1.18451118362141,1.18518614746011,1.1858355950424,1.1864672129087,1.18706832102088,1.18764661591799,1.18820304823254,1.18873844524009,1.18925360215995,1.18974928414603,1.18994931636987,1.18862313197971,1.18735649230032,1.18612303017274,1.18493618737195,1.18379421164097,1.18270250062082,1.18156299967893,1.18021771705031,1.17880807679232,1.17750119457314,1.17624354670628,1.17503344344534,1.1738765335119,1.17259811785278,1.17128733288814,1.17002453400089,1.16880951801302,1.1676404340612,1.16651554602827,1.16544034918142,1.16439858013408,1.16339624717188,1.16243180589595,1.16150382425149,1.16063329233186,1.15984738182735,1.15907929604913,1.15834033332399,1.15762930655573,1.15694515935898,1.15628687558533,1.15569779180234,1.1553404243175,1.15497999390194,1.15468411965335,1.15444553590392,1.15419986502111,1.15397026188423,1.15374252129746,1.15352341612592,1.15331259357223,1.15310974093372,1.1529145569133,1.15264558654198,1.15233556674327,1.15202260636532,1.15172674377728,1.1514368078306,1.15115783550871,1.15088940947804,1.1506311309888,1.15038261643052,1.1501489638349,1.14991866121972,1.14969708127815,1.14948387742284,1.1492787335082,1.14908134483091,1.14889699413183,1.14871400904226,1.14853797041511,1.1483685854313,1.14820560388931,1.14805458934225,1.1478776638957,1.14772942457941,1.14758175607565,1.1474397071598,1.14730302202189,1.14717655004887,1.14704965007891,1.14692772935359,1.14681039886189,1.14669750431882,1.14659408088308,1.14649653635503,1.14636888954896,1.1462608486159,1.14614850774991,1.14604059087019,1.14593676429977,1.14584578460234,1.14574905658138,1.14565621854541,1.14556692710724,1.14548979054061,1.14540667978564,1.14532675244885,1.14524991808423,1.14518456612891,1.145113208942,1.14504434052268,1.14497818153978,1.14492285505691,1.14486166247038,1.14480227246193,1.14474525836384,1.14469845513775,1.14464607103845,1.14459481581859,1.14454563056669,1.14449149221562,1.14444657417801,1.14441676168481,1.14437493299331,1.14432645811104,1.14428753399195,1.14425012109537,1.14421906527116,1.14418507187126,1.14415139325069,1.1441239009806,1.14409380111603,1.14406365279922,1.14402764775342,1.14400619016797,1.14397470766411,1.14395371002319,1.14393074790437,1.14390044166595,1.14388538159192,1.1438655444881,1.14384442108827,1.14381712200002,1.14379761437018,1.14377936644183,1.14376844883039,1.14375269767776,1.14372863140098,1.14371722586188,1.14370390301822,1.14368933330249,1.1436746555076,1.14366033466881,1.14364683640295,1.14363458719723,1.14362239680103
"x2",0,0,0,0,0,0,0,0,0,0,0,0,0,0,0,0,0,0,0,0,0,0,0,0,0,0,0,0,0,0,0,0,0,0,0,0,0,0,0,0,0,0,0,0,0,0,0,0,0,0,0,0,0,0,0,0,0,0,0,0,0,0,0,0,0,0,0,0,0,0,0,0,0,0,0,0,0.00148128768496176,0.00419152769944874,0.00675803266521739,0.00923246429748318,0.0116655704466835,0.0140408724805279,0.0163214543445577,0.0185158083807862,0.0206272074407562,0.0226587874117709,0.0245994211017105,0.0264808347050174,0.028291125862441,0.0300329799466895,0.0317089851607335,0.0333216308635715,0.0348733122911407,0.0363663341299926,0.0378029139405656,0.0391688155640041,0.0404993938652679,0.0417797292577768,0.0430116617320472,0.0441970223322515,0.0453375716940789,0.0464350038571678,0.0477772130108884,0.0502068236958383,0.05252355231332,0.0547686747896216,0.0569289081531691,0.0590074766026066,0.0610598885404973,0.0632889324028531,0.0650887678851609,0.0670304768337032,0.0688114919630193,0.0705255262984908,0.0721747621756175,0.0737469887899953,0.0753693029042981,0.0769210496263011,0.0784232804164091,0.0798686129036236,0.0812593066928153,0.0825974268489732,0.0838749137348642,0.0851142484039269,0.0863066359983247,0.0874539474957974,0.0885578861535229,0.0896062414064579,0.0905404287108461,0.0914586416539466,0.092341980706631,0.093191926316912,0.0940097406873001,0.0947966384958782,0.0955238306995278,0.0960142623452767,0.0965167968782224,0.0969228691299042,0.0972445743146831,0.0975782833759287,0.0978891359673198,0.0981984825324169,0.098496026622629,0.0987823230602954,0.0990577963703754,0.0993228557187828,0.0995928580094375,0.0997517023405273,0.0999337505435372,0.100101766916804,0.100270950402516,0.100433669683643,0.100590238291728,0.100740888011349,0.100885842585797,0.101017566204811,0.101152162882762,0.101281567847149,0.101406082625802,0.101525890258146,0.101641168696691,0.101744245334701,0.101851401025837,0.101954370824679,0.102053451063123,0.102148785651029,0.102232470818365,0.102301594978918,0.102350106308434,0.102404667262937,0.102457083769945,0.102507525859231,0.102549056368231,0.102596233347443,0.102641391869887,0.102684866741221,0.102726697343305,0.102759949138345,0.102832194257965,0.103001020677254,0.10313526512752,0.103278802140212,0.103416713581284,0.103549375396802,0.103661978746308,0.103785645395388,0.103904441643031,0.104018658484916,0.104114191325721,0.104220421686168,0.104322838237318,0.104421236252243,0.104502300683207,0.104593431097472,0.104681802022782,0.10476663386731,0.104835444771223,0.104913474045904,0.104989785676445,0.105062988344073,0.105121430982692,0.105188075571637,0.105254008770559,0.105317249027191,0.105396603880061,0.105453785612196,0.105481792925275,0.105534680983251,0.105606350252574,0.105656070113084,0.105703816633517,0.105743069761175,0.105786231499739,0.105829294874487,0.105864273053511,0.105902442633321,0.105940985507117,0.105993109703888,0.106021049109359,0.106060366422678,0.106087724509889,0.106116889421684,0.106158502997256,0.106175251383744,0.106200384455998,0.106227243894198,0.106264512884887,0.106289525657771,0.106312659039864,0.106326055757519,0.106344781245918,0.106377178814374,0.106390999357598,0.10640791284191,0.106426471366555,0.106445085630144,0.106463203469533,0.106482323206263,0.106497797530044,0.106513217089351
"x3",0,0.0965149304159957,0.160850174647545,0.219751073599509,0.276425106553589,0.330956640781859,0.383426671074346,0.433913130292051,0.482491005130938,0.529232447498417,0.57420688167938,0.617481107450918,0.659115802451813,0.699180140481572,0.737729891349943,0.774822311808322,0.810512494610181,0.844853449788866,0.877896183392432,0.90968977324208,0.940281441826623,0.969716626441264,0.998039046674847,1.02529076934584,1.05151227098348,1.07674249794687,1.10101892427139,1.12437760732822,1.14685324137978,1.16847920911051,1.17618867728137,1.18137059070812,1.18635369366897,1.19114841531896,1.19576187785531,1.20020093357712,1.20447217573984,1.20859212923357,1.2125461556684,1.21635070045672,1.2200114186638,1.22353374749493,1.22692291860637,1.23018396587747,1.23332173288735,1.23634088010904,1.23924589183154,1.24204108282033,1.24473060472597,1.24731845225049,1.24980846908068,1.25220435359699,1.25451994081438,1.2568213932528,1.25915205926094,1.26135786486084,1.26348025457863,1.26552240969771,1.26748736341625,1.26934274618433,1.27111574599306,1.27236735584653,1.27357686313962,1.27474070567876,1.27586055069226,1.27693806121275,1.27797483764771,1.27897241990391,1.27993228967362,1.28085587263542,1.28174454057167,1.28259961340603,1.28337834925437,1.28423739689308,1.28505591269129,1.28582719928996,1.28594396513807,1.28536350692591,1.28486383185052,1.28438052196117,1.2839608137747,1.28356324856808,1.28318960553356,1.28283006892584,1.28248412393621,1.28215125701009,1.28182643667752,1.28151828549791,1.28122192925789,1.28093677818113,1.28066240693836,1.28039840799502,1.2801443892378,1.27989997337687,1.27966479738543,1.27943591788208,1.27921810650994,1.27900870439105,1.27880722178475,1.27861335605006,1.27842681919413,1.27824733415635,1.27809866705309,1.27768082999096,1.27730469688676,1.27694388300118,1.27659679426164,1.27626282673403,1.27508384124959,1.27347701095783,1.27235100642306,1.27116401202189,1.27007252402266,1.26902206425457,1.26801131690842,1.26703381652633,1.26670736648114,1.26668270858756,1.26669114781765,1.2666991454662,1.26670684149126,1.26671424657291,1.26671257274958,1.26671979544196,1.26672671072645,1.26673336467356,1.26673976707584,1.2667896674707,1.2667974410135,1.2668385899087,1.26687784940577,1.26691562635484,1.26695197517089,1.26698694986052,1.26703384574358,1.26679830759122,1.26663097575986,1.26650249343078,1.26634219289741,1.26620798060699,1.26607453988131,1.26595021088809,1.26583064803323,1.26571560562201,1.26560491225911,1.26549840353562,1.26548185180423,1.26558251432218,1.26568585981764,1.2657796696767,1.26587489355186,1.26596656260387,1.26605476578867,1.2661396345266,1.26622129489649,1.26629574614796,1.26637142340912,1.26644432217586,1.26651446419861,1.26658195455025,1.26664689350412,1.26670606466702,1.2667661849814,1.26682416093741,1.26687994357954,1.26693361739115,1.26698256438263,1.26707132619963,1.26714536813733,1.26721741541424,1.26728676114273,1.26735348780587,1.26741446171659,1.2674764404691,1.2675360006601,1.26759330355954,1.26764844208006,1.26769875900325,1.26773149464452,1.26768240623687,1.26766281984047,1.26764133092791,1.26762098292924,1.26760139320518,1.26758429837376,1.26756568481511,1.26754820390332,1.2675313672163,1.26751707163097,1.26750098876477,1.26748594023273,1.26747146040178,1.26745954328246,1.26744564885802,1.26743267067917,1.26742020813741,1.26741031251433,1.26739831907864,1.26738710042941,1.26737636327393,1.26736818736769,1.26735785273839,1.26734812818282,1.26733886404021,1.26731918301855,1.26731171330463,1.26731614195879,1.26730699670507,1.2672881497218,1.26728196640524,1.26727519473642,1.26726935308465,1.26726268333843,1.26725656755571,1.26725160855991,1.26724561471711,1.26724010135576,1.2672297290243,1.26722656124384,1.26722007775047,1.26721715187392,1.26721212929611,1.26720564354663,1.26720518713952,1.2672002860974,1.26719618000914,1.26719047601004,1.26718857504644,1.26718512496713,1.26718498812836,1.26717972444191,1.26717459090938,1.26717540860432,1.26717206390177,1.26716886733818,1.2671661159647,1.26716363547815,1.26716210334861,1.26715985001108,1.26715736879478
"x4",0,0,0,0,0,0,0,0,0,0,0,0,0,0,0,0,0,0,0,0,0,0,0,0,0,0,0,0,0,0,0.0185689869449264,0.0395868514743729,0.059811162109218,0.0792709154053009,0.0979950143946673,0.116011269669256,0.133346440472589,0.15002283914835,0.166072239140426,0.181514910730583,0.196373789315714,0.210670944539893,0.224427611729355,0.23766422343247,0.250400439767866,0.262655177625277,0.274446638762483,0.285792336840076,0.296709123434208,0.307213213065961,0.317320207284499,0.327045117839788,0.33639886265061,0.3445694269075,0.352159338270033,0.359475272461653,0.366514644661128,0.373287901238044,0.379805102391455,0.385648908382875,0.388983201323481,0.392304739566456,0.395496301539777,0.398567190772947,0.401521988386955,0.404365083166807,0.407100697914024,0.409732895791571,0.412265586359061,0.41470253137956,0.417047350406866,0.41930352616158,0.421312131210742,0.420927133471129,0.420584264545933,0.420269325932968,0.419894134903836,0.419578539632221,0.419242104279073,0.418917075455967,0.418420111764133,0.417862884720685,0.417324356583355,0.41680622218994,0.41630767545883,0.415827975732145,0.415384194741491,0.414939565888018,0.414511587012563,0.414099786412249,0.41370355347265,0.413322299678205,0.41295545875897,0.412602485852244,0.412262856693255,0.41195365473846,0.411638793822201,0.41133559843719,0.411043862562911,0.410763155421962,0.410493060101965,0.410233175434818,0.409988066656994,0.41035134191186,0.410720851231031,0.411058856603903,0.411384006811744,0.411696864857235,0.41304991384563,0.414657679161312,0.416938634164974,0.419046606003547,0.421098831333738,0.423073403879155,0.424973330055315,0.426823107461952,0.427711850750001,0.42821878744572,0.428653763544325,0.429072569326111,0.429475541169491,0.429863279118924,0.430258291350026,0.430616288500633,0.430960902755125,0.431292488257258,0.431611538545034,0.431793335778805,0.432026986863168,0.432183183313657,0.432334144063813,0.432479395154978,0.43261915520675,0.432753631785346,0.432969723232658,0.434069696067546,0.435004620312033,0.43580018906355,0.436689876316122,0.437477194652517,0.438253244184439,0.43898196727275,0.439683191489344,0.440357905042041,0.441007111816734,0.441631776051873,0.442098979914085,0.4424712405846,0.442797018331102,0.443127972422191,0.443429584764811,0.443719859270068,0.443999159708123,0.444267901533225,0.444526483872833,0.44479099666488,0.445029752771528,0.445259535157194,0.445480629829432,0.445693366326512,0.445898060556712,0.446109507942574,0.446298452311105,0.446480272937912,0.446655218948197,0.446823551411374,0.446999209871068,0.447158850755343,0.447337187365816,0.447498294741293,0.447653399906179,0.447802634114639,0.447959627638915,0.448096976151553,0.448229446187472,0.448356905896383,0.448479544503269,0.448609945894795,0.448765819200831,0.448951835107766,0.449111183945164,0.449250123499162,0.449383515992734,0.449511944938548,0.449652067970988,0.449770780473036,0.449884410697374,0.449993909009587,0.4501143699648,0.450216115610065,0.45031285936306,0.450406156161211,0.450509560124689,0.450596944582544,0.450679260312513,0.450758692166914,0.45084729283768,0.450922537739279,0.450992554260262,0.451060117314322,0.451135863191646,0.451200852579163,0.451260423157805,0.451317824259676,0.451357139037644,0.45141068819574,0.451485455896564,0.451538782902232,0.451570180670761,0.451614894678437,0.451659287899169,0.451707774828474,0.451750760250879,0.451789862570962,0.45183245083927,0.451871147797612,0.451905920431768,0.451926359539775,0.451962624952917,0.451992007126961,0.452024124648513,0.452056256805974,0.452074511237767,0.452109524099444,0.452139670391338,0.452165148378739,0.452179585300111,0.452200599043462,0.452223689677416,0.452251061185154,0.452277805501753,0.452289091512089,0.452310399707143,0.45233220286025,0.452351013308536,0.452367922571332,0.452383736474043,0.452396450650757,0.45241254160057,0.452427727607636
"x5",0,0,0,0,0,0,0,0,0,0,0,0,0,0,0,0,0,0,0,0,0,0,0,0,0,0,0,0,0,0,0,0,0,0,0,0,0,0,0,0,0,0,0,0,0,0,0,0,0,0,0,0,0,0,0,0,0,0,0,0,0,0,0,0,0,0,0,0,0,0,0,0,0.000294009461743947,0.00391305536869152,0.00737630173418379,0.0107009209248556,0.0140412175145365,0.0173254440754669,0.0204989261587065,0.0235536059362182,0.0269225064882598,0.0303482172738693,0.0336402690311086,0.036807847613447,0.0398556793296891,0.0427882911613166,0.0455985235305232,0.0483139421749377,0.0509267983178023,0.0534408788226932,0.0558599173133654,0.0581875067472313,0.0604271042541003,0.0625820362708029,0.0646555034819273,0.0666388629518654,0.0685588241921158,0.0704063442851815,0.0721840222372883,0.0738944970599317,0.0755403092862832,0.0771239034138715,0.0788679376741599,0.0806229489200937,0.0822809381370726,0.0838957128440031,0.0854495040627061,0.0869445561579124,0.0879339569645189,0.08877815255099,0.0892055192279375,0.089690689431439,0.0901337186155324,0.0905600903327747,0.0909703432900877,0.0913499749612678,0.0919872992291182,0.0926579703845454,0.0933347945555129,0.0939858557244055,0.0946123052246927,0.0952150724936983,0.0957798634106493,0.0963385987599445,0.0968761047206299,0.0973932915747723,0.0978909267511804,0.0984548277659454,0.0989514556917746,0.0994767203201696,0.0999816774647025,0.100467547086232,0.100935048937781,0.101384877402362,0.101757204899619,0.101566334749401,0.101454443723731,0.101635883142066,0.101780007483032,0.101964177933833,0.102127911396112,0.10229856291371,0.102462728762778,0.102620689662398,0.102772679014867,0.102918922579275,0.103119558134482,0.103292177952969,0.103490433032011,0.103668422522011,0.103852046091063,0.10402869122215,0.104198659012206,0.104362201337472,0.104519561127242,0.10465943527158,0.104805582069356,0.104946179527754,0.105081462714932,0.105211631628885,0.10533687965226,0.105446746680903,0.105563102626502,0.105675062858626,0.105782791438866,0.105886447401445,0.105976115535662,0.106096997246373,0.106188388513883,0.10628413017042,0.106376253671736,0.106464897591925,0.106541453721623,0.106623925370912,0.10670320351595,0.10677948652602,0.106852886790954,0.106915421280817,0.107338792724407,0.107882613036714,0.108396591915869,0.108909027684432,0.109401798632214,0.10987590514061,0.110313285578669,0.110753310395489,0.111176414936079,0.111583425801395,0.111956964772992,0.112334458229181,0.112697855577586,0.113047347737667,0.113366367758952,0.113690074966461,0.114002291410114,0.114302475199996,0.114574946489838,0.114852353445837,0.115120680841664,0.115378600885339,0.115611333516879,0.115848854775319,0.116079517977635,0.116301220751782,0.116536240614774,0.116739823923716,0.116902900777643,0.117091430516697,0.117297126374827,0.117472436421721,0.117641176324751,0.117794257986003,0.117949155526714,0.118100126323439,0.118236253432484,0.118373846346359,0.118508595285059,0.118652498285114,0.118763938798062,0.118893379048713,0.118999039346377,0.119106278667445,0.119223509259481,0.119311720713416,0.119406339559864,0.119501160986912,0.119603815586664,0.119689218034903,0.11977254087375,0.119839062943554,0.119917064770272,0.120004706068324,0.120067206675781,0.120132732090339,0.120199053322459,0.120264261456011,0.120327498689878,0.120383710547464,0.120439150624823,0.120494204307862
"x6",0,0,0,0,0,0,0,0,0,0,0,0,0,0,0,0,0,0,0,0,0,0,0,0,0,0,0,0,0,0,0,0,0,0,0,0,0,0,0,0,0,0,0,0,0,0,0,0,0,0,0,0,0,0,0,0,0,0,0,0,0,0,0,0,0,0,0,0,0,0,0,0,0,0,0,0,0,0,0,0,0,0,0,0,0,0,0,0,0,0,0,0,0,0,0,0,0,0,0,0,0,0,0,0,0,0,0,0,0,0,0,0,0,0,0,0,0,0,0,0,0,0,0,0,0,0,0,0,0,0,0,0,0,0,0,0,0,0,0,0,0,0,0,0,0,0,0,0,0,0,0,0,0,0,0,0,0,0,0,0,0,0,0,0,0,0,0,0,0,0,0,0,0,0,0,0,0,0,-0.000778593749819999,-0.00183004533384992,-0.0028049655639205,-0.0037539286751945,-0.00466610283877782,-0.00554382587497774,-0.00637738942390467,-0.00719166762519918,-0.00797388969548136,-0.00872655730997175,-0.00943922595149723,-0.0101377168408083,-0.0108086226039391,-0.0114541175439374,-0.0120632664935383,-0.012662416113634,-0.013237959305359,-0.013791608395102,-0.0143121265142757,-0.014825999740055,-0.0153198525407024,-0.0157947969514118,-0.0162394366082504,-0.0166800601202083,-0.0171039322555538,-0.0175114442564483,-0.0179058483749052,-0.0182811388212022,-0.018629874706086,-0.0189819151350907,-0.0193221495336,-0.0196438571989065,-0.0199552094158207,-0.0202452283109531,-0.0205332781103043,-0.0208113279880201,-0.0210687356368701,-0.0213250836502961,-0.0215731425208763,-0.0218163959433024,-0.0220284107002937,-0.022263021419086,-0.0224622332832309,-0.0226637681939585,-0.0228677508906794,-0.0230431116228196,-0.0232225232290784,-0.023398071939837,-0.0235753974785559,-0.0237333186362514,-0.023888539155364,-0.0240229197673448,-0.0241705605882431,-0.0243208139098106,-0.0244431904594898,-0.024568264957625,-0.0246918820827735,-0.0248119802558589,-0.0249279275337521,-0.0250319559302978,-0.0251362106668984,-0.0252386019382958
"x7",0,0,0,0,0,0,0,0,0,0,0,0,0,0,0,0,0,0,0,0,0,0,0,0,0,0,0,0,0,0,0,0,0,0,0,0,0,0,0,0,0,0,0,0,0,0,0,0,0,0,0,0,0,0,0,0,0,0,0,0.000975524826732116,0.00706320555609337,0.0134056514470606,0.0195077669804231,0.0253791974670358,0.0310286650546521,0.0364645608102422,0.0416949585791488,0.0467276269839564,0.0515700409631213,0.0562293928733748,0.0607126031724097,0.0650263306977211,0.0691035524087932,0.0722162455087628,0.0752143769372038,0.0781008109635915,0.0808545931559499,0.0834962804439717,0.0860349267075674,0.0884774350440561,0.0905275884450606,0.0923798069264521,0.0941633959563545,0.0958795626363923,0.097530851567466,0.0991197153590999,0.100650820696209,0.102121758084752,0.103537067895404,0.104898873366434,0.106209197297549,0.107469985891375,0.108683111776181,0.109850376787613,0.110973514644927,0.112056517476536,0.113096285634397,0.114096715841703,0.115059325581114,0.115985544928958,0.116876749585619,0.117734263242508,0.118334320861698,0.127703084640028,0.136856241309213,0.145669824218297,0.154150121274542,0.162309830300001,0.170516965160076,0.178742884181402,0.186566790323804,0.194265615827241,0.201582464398202,0.208623038966352,0.215397451073341,0.221927097169753,0.228379170630637,0.234870780010113,0.241049617179062,0.246995133783366,0.25271588552214,0.258220370617076,0.263527827663266,0.268623517850611,0.273526632900077,0.2782443908602,0.282783799234382,0.287141321378086,0.291559099230906,0.295742365898257,0.299768041466036,0.303641526748031,0.307368579258167,0.310954734697733,0.314310518181334,0.317643617578541,0.32077594916534,0.32380503483829,0.326768763713065,0.329598757896342,0.332323608751818,0.334944043580857,0.337465432380756,0.339891502054082,0.342225856876678,0.34447196401411,0.346574545424478,0.348518220789063,0.350387214146026,0.35218692026081,0.35391757547295,0.355582830800582,0.357185132721577,0.358726861420643,0.360210306782514,0.361637503658844,0.363010912745961,0.364332404261049,0.365603938292749,0.366827403420892,0.368004616811629,0.3691360586457,0.370226026250712,0.371274757594205,0.372283843695785,0.373254782437067,0.374186642601512,0.375035047863199,0.375846078776714,0.376629905429628,0.377384173680849,0.378109925638596,0.378808299291971,0.379479997570487,0.380126503400744,0.380748587391778,0.381347150649968,0.381922031738403,0.382837574301407,0.383863449251267,0.384810218709632,0.385728050340718,0.386610308006114,0.387459284614275,0.388271310245394,0.389058699441291,0.389814998315213,0.390542821347119,0.391236741027316,0.391912237119071,0.392560677596394,0.393184692739093,0.393777336026427,0.394356932502967,0.394913002576651,0.395448075558089,0.395953879369039,0.396451244660596,0.396928229486979,0.397387102306533,0.397818447024526,0.398245252762296,0.398654546664914,0.399048146479536,0.399422179681552,0.399785398002573,0.400129399478039,0.400470837075774,0.400793167601571,0.401104246721313,0.401405344615328,0.401686040355947,0.40196531986616,0.402233985742616,0.40248233902795,0.402731135044159,0.402970901122891,0.40320462173137,0.403406924637747,0.403637817134461,0.403826879245559,0.404023103252807,0.404219857821894,0.404387018732904,0.404562090782808,0.404732350603856,0.404903362555831,0.405052558801776,0.405202894905883,0.405328819832314,0.405477344658018,0.405623074839685,0.405736680933264,0.405858376326588,0.405978766931881,0.406095345799226,0.406207677584907,0.406304767243298,0.406405305731072,0.406504798633487
"x8",0,0,0,0,0,0,0,0,0,0,0,0,0,0,0,0,0,0,0,0,0,0,0,0,0,0,0,0,0,0,0,0,0,0,0,0,0,0,0,0,0,0,0,0,0,0,0,0,0,0,0,0,0,0,0,0,0,0,0,0,0,0,0,0,0,0,0,0,0,0,0,0,0,0,0,0,0,0,0,0,0,0,0,0,0,0,0,0,0,0,0,0,0,0,0,0,0,0,0,0,0,0,0,-0.0112856117454984,-0.0223286418342174,-0.0329710457460266,-0.043211076528353,-0.0530639945712033,-0.0649255160865446,-0.0772556793903367,-0.0938525823316046,-0.110007487303773,-0.125446766513457,-0.14030276840858,-0.154597154087741,-0.1683635119744,-0.181244684780513,-0.193712094316745,-0.205621755488049,-0.217081455974371,-0.228107934217328,-0.23871756873208,-0.248932903887914,-0.258755232280808,-0.268206280055617,-0.277300041250634,-0.286050022929737,-0.294556241951211,-0.303082191612566,-0.31122251841068,-0.319055482671744,-0.326592327064949,-0.333844249465849,-0.340822021014613,-0.347572875204278,-0.35464920528124,-0.361378105047576,-0.367925953103628,-0.374263277083811,-0.380351873648758,-0.386207525872175,-0.391844753901929,-0.397268893865636,-0.402487979833574,-0.407509764076996,-0.412341705358257,-0.416903630487231,-0.42105534709009,-0.425086172185414,-0.428962398006617,-0.432694663681576,-0.436285908731048,-0.439741390833231,-0.443066242288391,-0.446265401435921,-0.449340186066523,-0.452302092330822,-0.455152100092593,-0.45789436682686,-0.460532965236587,-0.463071814370604,-0.465510478806729,-0.467861091926537,-0.470122908250499,-0.472299220247635,-0.47439325921236,-0.47640299286415,-0.478280001580058,-0.480084760150537,-0.481827243300707,-0.483504164082563,-0.485117676410735,-0.4866700463087,-0.48816306015336,-0.489600456432099,-0.49098350921072,-0.492314272505736,-0.493593703187538,-0.494864201043027,-0.496061579417407,-0.497202073079612,-0.498303358177357,-0.499362884674509,-0.500382411185022,-0.501363442453663,-0.502307470460488,-0.503215552758894,-0.504089437118701,-0.504929001624133,-0.505738459177525,-0.50651680066308,-0.507265880185287,-0.507984023641399,-0.5086782111672,-0.509345395489149,-0.509987530998011,-0.51060144211667,-0.511196881993134,-0.511768851605308,-0.512319350084634,-0.512843764669325,-0.513354590968024,-0.513845026922478,-0.514317009139357,-0.514771756692578,-0.515208757098889,-0.515622350309244,-0.516028637776239,-0.516419575946662,-0.516793983330002,-0.517154766465781,-0.517496233783119,-0.517830845026901,-0.518152225163389,-0.518454630897748,-0.518752925497084,-0.51903954547863,-0.519318200030842,-0.519568305327269,-0.519838848202976,-0.52007052474607,-0.52030694704211,-0.520538928633037,-0.520744721553152,-0.520955661450528,-0.521159237140348,-0.521359848620997,-0.52153956515381,-0.521719723796276,-0.521875738262088,-0.522053873728308,-0.522223458466963,-0.522362689296371,-0.522510108302818,-0.522654404745397,-0.522793549351112,-0.522927396752179,-0.523044836295669,-0.523166028160267,-0.523285005901251
"x9",0,0,0,0,0,0,0,0,0,0,0,0,0,0,0,0,0,0,0,0,0,0,0,0,0,0,0,0,0,0,0,0,0,0,0,0,0,0,0,0,0,0,0,0,0,0,0,0,0,0,0,0,0,0,0,0,0,0,0,0,0,0,0,0,0,0,0,0,0,0,0,0,0,0,0,0,0,0,0,0,0,0,0,0,0,0,0,0,0,0,0,0,0,0,0,0,0,0,0,0,0,0,0,0,0,0,0,0,0,0,0.00823886986399065,0.0162891411005658,0.0239692106182286,0.0313591206974795,0.0384696627370939,0.0453100416836478,0.0512104113501111,0.0565854029358318,0.0617256168209072,0.066671577538658,0.0714305614101211,0.0760096371971332,0.0804165237717976,0.0846558644003388,0.0887349725438684,0.0926598743337523,0.0964363995825141,0.100117192231994,0.10383226653768,0.107378884888496,0.110791626245852,0.114075350661945,0.117234937539913,0.120275079753821,0.123215123822456,0.12618043486813,0.129023409608658,0.131845882449407,0.134592785789868,0.137229903342454,0.139764679158138,0.142206425417901,0.144555931795339,0.146816617095628,0.148991839716811,0.151084830468581,0.153068244263813,0.15483491925799,0.15656458906688,0.158226764908434,0.159828584636528,0.161369934998064,0.162853016615023,0.164280031987034,0.165653100631637,0.166971586907901,0.168242798898327,0.169466059306831,0.17064307594115,0.171775596794262,0.172865303956928,0.173910981253555,0.174919840392527,0.175890682440865,0.176824823328861,0.177723650105233,0.178585346994837,0.179443274500155,0.180243660516894,0.181017706238182,0.181762781965788,0.182479685762985,0.183170965667943,0.183834059140286,0.184472646263159,0.185087110179853,0.185678340547834,0.186248007166584,0.186765427414494,0.187234902036769,0.187680999262901,0.18811074078654,0.188524385548493,0.18892243574731,0.189307866058872,0.189676202499448,0.190030605109048,0.190371717121754,0.190701499528169,0.191017342546212,0.191321009280723,0.191613335339904,0.191895297931462,0.192166222010179,0.192426428986793,0.192676956227566,0.192917821687697,0.19315030802013,0.193373302775059,0.193588017269672,0.193793559906005,0.193993146386096,0.194184297732467,0.194368329030026,0.194547712961448,0.19471855113858,0.194878791668449,0.195037060156453,0.195191105296186,0.195337364064711,0.195478092280967,0.195611464607674,0.195742430627941,0.19586768511338,0.195985554257118,0.196102412631892,0.196214175726685,0.196323438145051,0.196420305233644,0.19652701880378,0.196616287915119,0.196709041366517,0.196799716475555,0.196878900028213,0.196961905742845,0.197041635821843,0.197119784561932,0.197188624520033,0.197258416733802,0.197319142554102,0.197389437450314,0.197456015223615,0.197509494942125,0.197567120555951,0.197623702798838,0.197678083642802,0.197730242487879,0.197776451901448,0.197823263127498,0.197869410396758
"x10",0,0,0,0,0,0,0,0,0,0,0,0,0,0,0,0,0,0,0,0,0,0,0,0,0,0,0,0,0,0,0,0,0,0,0,0,0,0,0,0,0,0,0,0,0,0,0,0,0,0,0,0,0,0,0,0,0,0,0,0,0,0,0,0,0,0,0,0,0,0,0,0,0,0,0,0,0,0,0,0,0,0,0,0,0,0,0,0,0,0,0,0,0,0,0,0,0,0,0,0,0,0,0,0,0,0,0,0,0.00362700639253427,0.00824782770733738,0.00871842655397591,0.00906769830293756,0.00945105643820821,0.00981980605722028,0.0101746159052629,0.0105253512775036,0.0127317877171753,0.0159850014136413,0.0191134278482474,0.0221236033748827,0.025019982731954,0.0278068676903984,0.0304869966359689,0.0330672433453909,0.0355499103832435,0.0379387231516711,0.040237229512355,0.0425395579730476,0.0447907755539755,0.0469748061974342,0.0490759863626095,0.0510977359284011,0.0530430554923314,0.0549148344161351,0.0567442774545123,0.0586548307576694,0.0604794194108359,0.0621988283856165,0.0637903239508625,0.0653481995988834,0.0668451995263,0.0682871406762299,0.0696744856361621,0.0710093846668489,0.0722938193102641,0.0735296973322744,0.0746507576756498,0.0756043101622089,0.0765351304329406,0.0774289993492177,0.0782905454042077,0.0791194705214385,0.0799170594087577,0.0806844963170906,0.0814229211277548,0.082132439666699,0.0828161772056666,0.0834740157578711,0.0841069859264445,0.084716027327624,0.0853020445971712,0.0858653639125685,0.0864079748867452,0.0869300297974618,0.0874323492111008,0.0879156789560472,0.0883806335015458,0.0883881034627594,0.0885194577183503,0.0886465187459949,0.0887686598632469,0.088886168148599,0.0889931856454153,0.0891021096933959,0.0892070877216308,0.0893080178264436,0.089405138049828,0.0894940585832544,0.0896923280231859,0.089829239959315,0.0899997559922386,0.0901672860003893,0.090328724229724,0.0904839864663174,0.0906285415578529,0.0907717881367949,0.090910434506081,0.0910437088312751,0.0911682563544466,0.0912907903124685,0.0914098250816447,0.0915242298964735,0.0916317100926042,0.0917364111865036,0.0918385827589307,0.0919367939763698,0.0920297024050446,0.0921190609919999,0.0922067120758398,0.0922910259514454,0.0923714780926728,0.0924476569334927,0.0925227811694857,0.092595164847897,0.0926667672256648,0.0927336770888231,0.0927963011432385,0.0928559549898756,0.0929171026296713,0.0929749864884234,0.0930299833158733,0.0930832269698613,0.0931328686390022,0.0931818180840482,0.0932298768932733,0.0932739411090935,0.0933173876934579,0.0933604845429614,0.093404398489602,0.0934394466963513,0.0934802442566631,0.0935151964492538,0.09355079889989,0.0935862135053616,0.0936164691936601,0.093646429120532,0.093677345055151,0.0937097877565336,0.0937379664309455,0.0937657748627702,0.0937873595497161,0.0938115147554552,0.0938376550506496,0.0938598324771431,0.0938808348329773,0.0939013878047745,0.0939214180750379,0.0939424795597877,0.0939623247319271,0.0939805461616707
"x11",0,0,0,0,0,0,0,0,0,0,0,0,0,0,0,0,0,0,0,0,0,0,0,0,0,0,0,0,0,0,0,0,0,0,0,0,0,0,0,0,0,0,0,0,0,0,0,0,0,0,0,0,0,0,0,0,0,0,0,0,0,0,0,0,0,0,0,0,0,0,0,0,0,0,0,0,0,0,0,0,0,0,0,0,0,0,0,0,0,0,0,0,0,0,0,0,0,0,0,0,0,0,0,0,0,0,0,0,0,0,0,0,0,0,0,0,0,0,0,0,0,0,0,0,0,0,0,0,0,0,0,0,0,0,0,0,0,0,0,0,0,0,0,0,0,0,0,0,0,0,0,0,0,0,0,0,0,0,0,0,0,0,0,0,0,0,2.42769135285129e-05,0.000915164387054061,0.00157615686007274,0.00220760093995027,0.00281515824405052,0.00339977328726378,0.00396979524495603,0.00451127964797749,0.00503168286934436,0.00553250708272317,0.0060143941437878,0.00648422243227237,0.00696943672117434,0.00762279347390625,0.00818737121975176,0.0087295168178664,0.00925054242336583,0.00975193898384549,0.010235113174477,0.0107005491502517,0.0111470372692647,0.0115767297686602,0.0119901284218013,0.0123894172263732,0.0127720948137328,0.013140341785007,0.0134939300710888,0.0138365261019094,0.0141645651081236,0.0144801573460332,0.0147824758913277,0.0150764604497288,0.015357730520535,0.0156282053918847,0.0158865675398678,0.0161388444861644,0.01638009661023,0.0166119223282966,0.0168274932145508,0.017041471122498,0.0172528737198125,0.0174546941192933,0.0176393265686255,0.017822287843931,0.0179996958252015,0.0181677395847372,0.0183328465283762,0.0184912719220707,0.0186402266954841,0.0187872573998392,0.0189285860249749,0.0190593636410113,0.0191804356428519,0.0193138221335443,0.0194276201910838,0.0195432475944238,0.0196524861861638,0.019756754531596,0.0198607472348236,0.0199612519227304,0.0200552254133978,0.0201410074520988,0.020228764155417,0.0203075288173658,0.0203972854206702,0.0204774290827946,0.020548033975029,0.0206204840350098,0.0206913528952572,0.0207599535209482,0.0208261266025227,0.0208805267717339,0.0209384601750211,0.020996327257805
"x12",0,0,0,0,0,0,0,0,0,0,0,0,0,0,0,0,0,0,0,0,0,0,0,0,0,0,0,0,0,0,0,0,0,0,0,0,0,0,0,0,0,0,0,0,0,0,0,0,0,0,0,0,0,0,0,0,0,0,0,0,0,0,0,0,0,0,0,0,0,0,0,0,0,0,0,0,0,0,0,0,0,0,0,0,0,0,0,0,0,0,0,0,0,0,0,0,0,0,0,0,0,0,0,0,0,0,0,0,0,0,0,0,0,0,0,0,-0.00563002040975416,-0.0142818302858453,-0.0226234834789301,-0.0306497198272098,-0.0383725340612994,-0.045803395895585,-0.0529357972473216,-0.0598162681233477,-0.0664364724133815,-0.0728064083114282,-0.0789355358685541,-0.0849590456547955,-0.0907674461148798,-0.0964035662452149,-0.101826114709657,-0.107043670941967,-0.112063983265648,-0.116894508271531,-0.121575898573774,-0.126273180938848,-0.130777804480566,-0.135174226274813,-0.139365024114992,-0.143425400722743,-0.147315702829678,-0.151075499926216,-0.154693119434466,-0.158173980619077,-0.161523251707552,-0.164745907331846,-0.167742841209434,-0.170297543168413,-0.172823929411011,-0.175237953655123,-0.17757677471866,-0.179827227504576,-0.181992603660926,-0.184076120169301,-0.18608087165528,-0.187993928595542,-0.189850523603331,-0.19163698000615,-0.193355901660661,-0.195009841339911,-0.196601255670716,-0.198116967203252,-0.199590862548112,-0.201009094846962,-0.202373714206272,-0.203686745522155,-0.204954674803927,-0.206637925977639,-0.208129022152828,-0.209572785146198,-0.210961759813919,-0.212298257703101,-0.213570712386827,-0.214809554946845,-0.216000516966233,-0.217146528234391,-0.218249217232681,-0.219296324529499,-0.220488470023866,-0.221687962367719,-0.222832400437191,-0.223949185929307,-0.225023003188752,-0.226056233588309,-0.227031394654025,-0.227989942747092,-0.228911061242809,-0.229797293644995,-0.230630769195259,-0.231453003777126,-0.232243297983624,-0.233003550435331,-0.233715724365591,-0.234420949268759,-0.235099157804299,-0.235751445957545,-0.236359774177621,-0.236964503277441,-0.237546677197926,-0.238106452513902,-0.238625875411282,-0.239144235270302,-0.239644111480553,-0.240124631921048,-0.240591372464541,-0.241034355277933,-0.241440095122752,-0.241853167137981,-0.242256048927541,-0.242636295698256,-0.243003380086668,-0.243341630153039,-0.243680310833141,-0.244008400355049,-0.244308372068912,-0.244609554117871,-0.244902328906231,-0.2451920018272,-0.245434808240293,-0.245716997363889,-0.245946806679347,-0.246182193814383,-0.24642465003574,-0.246626516632192,-0.246835769324207,-0.247042736997163,-0.247254501147413,-0.247438115748703,-0.247620263943733,-0.247772019510644,-0.247947622572948,-0.248128871125891,-0.248269425379373,-0.248414571726578,-0.248559756617696,-0.248701869171986,-0.248839513867662,-0.248959124069878,-0.249080372084947,-0.249200758436739
"x13",0,0,0,0,0,0,0,0,0,0,0,0,0,0,0,0,0,0,0,0,0,0,0,0,0,0,0,0,0,0,0,0,0,0,0,0,0,0,0,0,0,0,0,0,0,0,0,0,0,0,0,0,0,0,0,0,0,0,0,0,0,0,0,0,0,0,0,0,0,0,0,0,0,0,0,0,0,0,0,0,0.00178353828934253,0.00418363551989492,0.00649205755830453,0.0087132108779253,0.0108503959561329,0.0129067871319548,0.0148846493787251,0.0167885201237,0.0186204270418036,0.0203830808431304,0.0220790994805434,0.0237110020217264,0.0252812123043095,0.0267920625354404,0.0282457967557725,0.0296437931056393,0.03098970680678,0.0322847535739312,0.0335308427232787,0.0347298248615934,0.0358834808151345,0.0369935240898389,0.0439570770750841,0.0586589212343092,0.0727346035586684,0.0863258004725797,0.0994032723688392,0.111986365411508,0.122902394411261,0.133073066713465,0.143526393810151,0.153663928065189,0.163377638234462,0.172724343572258,0.181717706428129,0.190366339765377,0.202940642843129,0.217449086325171,0.231420728353623,0.244864177902166,0.257799413304202,0.270245646528972,0.282205288253203,0.29372904970778,0.304817001821528,0.315485787470159,0.325751251547899,0.335773241940468,0.345571534436987,0.355019897075741,0.364110705399364,0.372857845266738,0.381274309255621,0.389372598194229,0.39725026009015,0.405314538338424,0.413038411146992,0.420428286882157,0.427559288136148,0.434411491308297,0.440986610759755,0.447331708346808,0.453436961094759,0.459311412739847,0.464963787277718,0.470402480089658,0.475554156336497,0.480215210672399,0.484774934289844,0.489141649952128,0.493362830581868,0.497424535047778,0.501332689459666,0.50509310043978,0.508711353268726,0.512172954280916,0.515523459002303,0.518747404701989,0.521849471810387,0.524834268677324,0.527706228620986,0.530449715717009,0.533109280492746,0.535668412016063,0.538130799373809,0.540500098779246,0.542759127745489,0.544864731486149,0.546862629211981,0.548802059046041,0.55066811571573,0.552463641556116,0.554170840351835,0.555834325150476,0.557434518349988,0.558974246570124,0.560455768118646,0.561860663130765,0.563318005467082,0.564597824831871,0.565861310374628,0.567095719194518,0.568283108026005,0.569425602363048,0.570504655832023,0.571563666987574,0.572582184999744,0.573562150232677,0.574484277824197,0.575392592042181,0.57626641515807,0.577107098448651,0.577894774453708,0.578673789357088,0.579423632200392,0.580144961045703,0.58081744614007,0.581485470496235,0.582129079782083,0.582748141514124,0.583321939557348,0.583894633438228,0.584447204039517,0.584978654084219,0.585506043248297,0.58599659991016,0.586433754563625,0.586889109100934,0.587345537904968,0.58776675846634,0.588172515117545,0.588546230759067,0.588920610491039,0.589282930349739,0.589613909762505,0.589947040674954,0.590270393143694,0.590595152257752,0.590862508028324,0.591176913848871,0.59142851607294,0.591689594078342,0.591959939262331,0.592180102782423,0.592411870544676,0.592640716402243,0.5928769749942,0.59307959118297,0.593281478243938,0.593446713303144,0.593641789249271,0.593844183971114,0.593996658221204,0.594157076231901,0.594317998178791,0.594475252107808,0.594627320859219,0.594760247651092,0.594894934841504,0.595028648455326
"x14",0,0,0,0,0,0,0,0,0,0,0,0,0,0,0,0,0,0,0,0,0,0,0,0,0,0,0,0,0,0,0,0,0,0,0,0,0,0,0,0,0,0,0,0,0,0,0,0,0,0,0,0,0,0,0,0,0,0,0,0,0,0,0,0,0,0,0,0,0,0,0,0,0,0,0,0,0,0,0,0,0,0,0,0,0,0,0,0,0,0,0,0,0,0,0,0,0,0,0,0,0,0,-0.0102073607677185,-0.0295340920685911,-0.0480102843855246,-0.0658375932278977,-0.0829910653264141,-0.0994960698739159,-0.115394394652558,-0.130659909748466,-0.145701009897337,-0.16015506562126,-0.174063276087214,-0.187445802339659,-0.200322416813714,-0.212713609065783,-0.22535132188996,-0.237849541731248,-0.249878095793287,-0.261452024937692,-0.272588413984416,-0.283303804244816,-0.293620531052829,-0.303540824559968,-0.313086093243937,-0.322270513831837,-0.331107727623814,-0.339559919564622,-0.347838162285092,-0.355752418812258,-0.363367756433469,-0.37069520233336,-0.37774564231351,-0.384529548260122,-0.391152450376697,-0.39795840651824,-0.404482458212979,-0.41060357199633,-0.416679680775286,-0.422426720510969,-0.427960951515978,-0.433282524136999,-0.438403060051061,-0.443330018387119,-0.448070718571461,-0.452632201863374,-0.457049578768681,-0.461473178768722,-0.465704256397762,-0.469773442825513,-0.473689882026681,-0.477458322946484,-0.481084299554144,-0.48457320016619,-0.487930206774708,-0.491158421224344,-0.494266423516464,-0.497256991871299,-0.500134501844006,-0.502903230769632,-0.505567290979932,-0.508128006317237,-0.510594501030405,-0.512967804698253,-0.515251384920687,-0.517448636912731,-0.519558734987266,-0.521545443079545,-0.523449473247742,-0.52528562340574,-0.527052363969457,-0.528752317690755,-0.530384639811957,-0.531958690057203,-0.533473144231858,-0.534930368802456,-0.536332502683031,-0.537677375387405,-0.538943025457094,-0.540103271861204,-0.54122304184318,-0.54230280289649,-0.543341475623354,-0.544340914901038,-0.545300517443663,-0.546226316751263,-0.547116639270493,-0.547973361767687,-0.548794528522984,-0.549588372330155,-0.550351595715337,-0.551086020251384,-0.551788398213238,-0.552469175014282,-0.553123506209756,-0.553753135278792,-0.554353568328315,-0.554937448495464,-0.555498501688151,-0.556038338693504,-0.556551265188436,-0.557052083019076,-0.557533250145616,-0.557996159007412,-0.55844108934471,-0.558869186471585,-0.55927498378582,-0.559673401871711,-0.560055420096621,-0.560422225338239,-0.560776000354045,-0.561109101892163,-0.56143705155618,-0.561752537964927,-0.562047508650397,-0.562339704135978,-0.562621104208678,-0.562892047684869,-0.563133278836577,-0.563401424757561,-0.563626222964537,-0.563857061954587,-0.564084458289587,-0.564285970162721,-0.564491746631198,-0.564691531963224,-0.564888961809698,-0.56506610318808,-0.565243292210266,-0.565395627208483,-0.565568876110859,-0.565736558226063,-0.565873883278648,-0.566017318704759,-0.566158650449963,-0.56629541696151,-0.566427139275009,-0.566542695085894,-0.566661863427117,-0.566779088723902
"x15",0,0,0,0,0,0,0,0,0,0,0,0,0,0,0,0,0,0,0,0,0,0,0,0,0,0,0,0,0,0,0,0,0,0,0,0,0,0,0,0,0,0,0,0,0,0,0,0,0,0,0,0,0,0.00943328059694487,0.0212191510420816,0.0325598014389372,0.0434717314840854,0.0539711481634897,0.0640736460854385,0.0736772975936523,0.0815508705915493,0.0854641656283071,0.0892309948892991,0.092855425906985,0.0963428393573222,0.0996984150251186,0.102927136890911,0.106033800521444,0.109023020192402,0.111899235741913,0.114666719164969,0.117329580958548,0.11990487654902,0.122540064870516,0.125075441618787,0.127514277500815,0.129887260158754,0.132189158878877,0.134404721009116,0.136536702174836,0.137594168143477,0.13823242067054,0.13884673524007,0.139437824978678,0.140006569228732,0.140553812735703,0.141079540415583,0.141586218120408,0.142073744774229,0.14254284101179,0.142994203587909,0.143428502904382,0.143846384018746,0.144248467602853,0.144635350864745,0.145006736396158,0.145364947447086,0.145709623425039,0.146041269318884,0.14636037770804,0.146667422559818,0.14696285992284,0.152161256092963,0.161260019990872,0.169968815100894,0.178366208958725,0.186446200894289,0.194220737834996,0.201586922345575,0.208590943942893,0.215448757376863,0.222012109465672,0.228340235833073,0.234429130652582,0.240287841646047,0.245925718633023,0.251731903790757,0.257477325451463,0.263012616640198,0.268338689934631,0.273463416636193,0.278394408752248,0.28314388739622,0.287708904432306,0.292101361763535,0.296327767115792,0.300394397919254,0.303940903710888,0.307103847085062,0.310107573961449,0.312998056960806,0.315779266706816,0.318455335925895,0.321030239327647,0.323563258914007,0.326142527044466,0.328629557348021,0.330858187225264,0.333176501902455,0.335312363365201,0.337376423491725,0.339354358865197,0.341257654170567,0.343088995844226,0.344851105707323,0.346546600968699,0.348837069268466,0.352266604634876,0.355462484529981,0.35854372522401,0.361501344719826,0.364347149024689,0.367085367432964,0.369720070572293,0.372255171692527,0.374700255708331,0.377047122009063,0.379305236455228,0.381477981021514,0.38356858742928,0.385580160788734,0.387520184072054,0.389382451422626,0.391174242887654,0.392898292927176,0.394557167157987,0.396157008359952,0.397776254106849,0.399307778952907,0.400778894235501,0.402194123518278,0.403555867329334,0.404866954366124,0.406128403197052,0.407341368566277,0.408508526609547,0.409631560712569,0.410711601383006,0.411685547499989,0.4126224068128,0.413510644437679,0.414362174678126,0.415180858651318,0.415968634989232,0.416727758226866,0.417458076334719,0.418159715073004,0.418834874588284,0.419484362263989,0.420110677494316,0.420712061529174,0.421290726363717,0.421846117711537,0.422383331902318,0.422898848666017,0.423394837528435,0.423869455114583,0.424330318741585,0.424772309551253,0.425197469548939,0.42560273210243,0.425998146383962,0.426377198007613,0.426741689986058,0.427081267026233,0.427417825777778,0.427748453196089,0.428064239854587,0.428354839445242,0.428642891842319,0.428921691948302,0.429184223259155,0.429443132671126,0.42969200989353,0.429924464797864,0.430155136477237,0.430377140795242,0.430588001676807,0.43077882590399,0.430989231581658,0.431167415560474,0.431349821404756,0.43153033350621,0.431689157954995,0.431851809306513,0.432009474804659,0.432166806808395,0.432308686249903,0.432448983985448,0.432569408052032,0.432704337170507,0.43283784380799,0.43294611752665,0.433059893097598,0.433171573188119,0.433279346574225,0.433383018115025,0.433476389818698,0.43357173928566,0.433664580204441
"x16",0,0,0,0,0,0,0,0,0,0,0,0,0,0,0,0,0,0,0,0,0,0,0,0,0,0,0,0,0,0,0,0,0,0,0,0,0,0,0,0,0,0,0,0,0,0,0,0,0,0,0,0,0,0,0,0,0,0,0,0,0,0,0,0,0,0,0,0,0,0,0,0,0,0,0,0,0,0,0,0,0,0,0,0,0,0,0,0,0,0,0,0,0,0,0,0,0,0,0,0,0,0,0,0,0,0,0,0,0,0,0,0,0,0,0,0,0,0,0,0,0,0,0,0,0,0,0,0,0,0,0,0,0,0,0,0,0,0,0,0,0,0,0,0,0,0,-0.00108527922838096,-0.00392869561103279,-0.0065462751336058,-0.00906735447531917,-0.011489806588041,-0.0138205631032781,-0.0160632058265402,-0.0182210679537952,-0.020297354505646,-0.0222972682740904,-0.0242196358900807,-0.0260691553288225,-0.0278487536900128,-0.0295610763018921,-0.0312086664641708,-0.0327949183038103,-0.0343204993126207,-0.0357881666762059,-0.037200348703486,-0.0385591446764927,-0.0398660096857335,-0.0411671456693471,-0.0424127634946867,-0.0436102205131939,-0.044762032670491,-0.0458703110811102,-0.0469336806622711,-0.0479606232115862,-0.0489479711328822,-0.049898002888201,-0.0508121218209106,-0.0516880638544401,-0.0524632802710983,-0.0531620707614192,-0.0538410005506565,-0.0544926527307694,-0.055119140270757,-0.0557219479255219,-0.05630087281125,-0.0568596668625968,-0.0573966959034175,-0.0579134003887772,-0.0584088996681713,-0.0588880543671039,-0.0593484303164019,-0.0597913506054233,-0.060215321406425,-0.0606262124503016,-0.0610209178343727,-0.0614006125809983,-0.0617632557598798,-0.062115621065857,-0.0624540701599239,-0.0627795913577311,-0.0630896516482411,-0.0633918243661863,-0.063682085627851,-0.0639611952486631,-0.0642289100896804,-0.0644864921495298,-0.0647320590478543,-0.0649732770891608,-0.0652041169494294,-0.0654247430181109,-0.0656378466409289,-0.0658407516043265,-0.066038392092825,-0.0662285258956373,-0.0664088717145771,-0.0665849636725838,-0.0667544401272706,-0.0669200810683605,-0.0670736903928468,-0.0672274245623207,-0.0673697429012045,-0.0675097410854784,-0.0676484027970413,-0.0677725663785897,-0.067897111598626,-0.0680170599582495,-0.0681370386952519,-0.0682479001102985,-0.0683551431505806,-0.0684515509920792,-0.0685518339912916,-0.0686515365017656,-0.0687372805897028,-0.0688253545543483,-0.0689104838939113,-0.0689921870814761,-0.0690706507729733,-0.069144823091032,-0.0692183235812423,-0.0692888652102751
"x17",0,0,0,0,0,0,0,0,0,0,0,0,0,0,0,0,0,0,0,0,0,0,0,0,0,0,0,0,0,0,0,0,0,0,0,0,0,0,0,0,0,0,0,0,0,0,0,0,0,0,0,0,0,0,0,0,0,0,0,0,0,0,0,0,0,0,0,0,0,0,0,0,0,0,0,0,0,0,0,0,0,0,0,0,0,0,0,0,0,0,0,0,0,0,0,0,0,0,0,0,0,0,0,0,0,0,0,0,0,0,0,0,0,0,0,0,0,0,0,0,0,0,0,0,0,0,0,0.000931986771169941,0.00280593436799473,0.00461931763200295,0.00636376422035771,0.00804226558893845,0.00965731306715074,0.011211305473723,0.0127255450862305,0.0141673965437162,0.0155779899395496,0.017104924886246,0.0184501893891291,0.0198197326253493,0.0211253581602367,0.0223929756053614,0.023612626687609,0.0247861714807711,0.0259153517068334,0.0270018445318939,0.0285118100001384,0.0307066046476296,0.0327793817426509,0.0347615001537493,0.036680095798591,0.0385260062779558,0.0403021346826306,0.0420111184874092,0.0436554960626017,0.0452268263496766,0.0467497977261542,0.0482150342778414,0.0496248798032026,0.050981427608188,0.0522866926346768,0.0535322396728975,0.0547412210203547,0.055904351545039,0.0570235110162002,0.0581003618063798,0.0591264813294882,0.0600844670923016,0.0610084480497319,0.0619043498764741,0.0627663506437832,0.0635957523746113,0.0643858577090085,0.0651538504956373,0.0658930364975876,0.0666042362461317,0.0672885516812254,0.0679397208221142,0.068611084765088,0.0691640918260647,0.0697264988530322,0.0702730593709221,0.0707990373714797,0.0713051023387631,0.0717868393985178,0.0722552317483606,0.0727062906090426,0.0731402564690956,0.0735528747675796,0.0739543747108552,0.0743411970760483,0.0747133608956708,0.0750667625761456,0.0754108922160758,0.0757426402801217,0.0760618291643803,0.0763644925353698,0.0766594172714171,0.0769439399953624,0.0772177203775056,0.0774769017838654,0.0777296262538479,0.0779736467048214,0.0782085033595167,0.0784421944774055,0.0786599032443188,0.0788578224180951,0.079057634176473,0.0792595903737337,0.0794467197425868,0.079625851018149,0.0797962393349479,0.0799616385454322,0.0801211937888861,0.080272840804473,0.0804202330357358,0.080562420478475,0.0807057235742932,0.0808353899858103,0.0809648248880974,0.0810840950925935,0.0812012723287814,0.0813181506392982,0.0814215708611574,0.0815253220473295,0.0816257845382278,0.0817260870583207,0.0818168075348554,0.0819060723055086,0.0819853383521789,0.0820715359611913,0.0821546435761065,0.0822256057130584,0.0822986125225613,0.0823697869043455,0.0824384339590561,0.0825045015172409,0.0825632265390255,0.0826231439692515,0.082681765596909
"x18",0,0,0,0,0,0,0,0,0,0,0,0,0,0,0,0,0,0,0,0,0,0,0,0,0,0,0,0,0,0,0,0,0,0,0,0,0,0,0,0,0,0,0,0,0,0,0,0,0,0,0,0,0,0,0,0,0,0,0,0,0.00150871211929831,0.0102112973670721,0.018583973634099,0.0266401268640491,0.0343917261760132,0.0418502849066083,0.0490268811287939,0.0559321741212625,0.0625764202005427,0.0689694879545364,0.0751208729001681,0.0810397115869166,0.0867539707352062,0.0924548962612341,0.0979385772084127,0.10321503193422,0.108251055121556,0.113062850574905,0.117693632000134,0.122149263220761,0.126352212091601,0.130364279601289,0.134224570004529,0.137938926539002,0.141512865958924,0.144951696578298,0.148260757207451,0.151444491992621,0.154507868536533,0.157455437551941,0.160291577002786,0.163020499359468,0.165646257844853,0.168172752454233,0.170603735747918,0.17294307913976,0.175193727427698,0.177359290571246,0.179442987019242,0.181447911643529,0.183377042324699,0.185233244368373,0.186366274277689,0.186258053916583,0.186155743263279,0.186051572948953,0.185951331443411,0.185854879409783,0.185977805902009,0.186160702011763,0.185954410552502,0.185741152359784,0.185543875728881,0.185354023824624,0.185171349174512,0.184996196571977,0.184873477591315,0.184783850496399,0.184699042721663,0.184617431290685,0.184538905135043,0.184463347573111,0.184390670180819,0.184320714124742,0.18425340506239,0.184188640512541,0.184126324314679,0.183436454834252,0.182072322630734,0.180761236124092,0.179499953978429,0.178286352432406,0.177118629750617,0.175995051524624,0.175152894074298,0.175295223934622,0.175392833106239,0.174325623023399,0.173187534045146,0.172020910323483,0.170912147753686,0.169832408142458,0.168793473682944,0.167793814094892,0.166831945530598,0.165906439336275,0.164995999083922,0.164110475163628,0.16324566540606,0.162430417718099,0.161629898014156,0.160859746893221,0.160118708927098,0.159405685142982,0.158719616428397,0.158073979991259,0.15743820020621,0.156826510826526,0.156237944847127,0.155671629028125,0.155126722147432,0.154615408894552,0.154110454138437,0.153624564444252,0.153157044516386,0.152707198701768,0.152286343339851,0.151902276442775,0.151545382169965,0.151192793168549,0.150853283582998,0.150526627934992,0.150218582135597,0.149916669540708,0.149625379080451,0.149345141981785,0.149075499638283,0.148821412072114,0.148513140748288,0.148299479372552,0.14806685472037,0.147836778366809,0.147614963146953,0.147401554900205,0.147199900244495,0.147002930260109,0.146812654295346,0.146629571606029,0.146456698442423,0.146287929654895,0.146124712070696,0.145967632829251,0.145819435818387,0.145674848372631,0.145534850520803,0.145400068466342,0.145273042236929,0.145149179848085,0.145029112454864,0.144913451756192,0.144804606087336,0.144698494278982,0.144595537057237,0.14449627795563,0.144395969688691,0.144302949150171,0.144220696114677,0.144138411364288,0.144052385045129,0.143971990872685,0.143896196288288,0.143825138934869,0.143755422348906,0.143688076506137,0.143625051467529,0.14356285040893,0.14350278829338,0.143440902741303,0.143388691580688,0.143330520176358,0.143283109443667,0.143233769487028,0.143183378706259,0.143142405941313,0.143099079867831,0.143056506633695,0.14301348819971,0.142978156391514,0.142940959707975,0.142911666357486,0.142871988460182,0.142835575173739,0.142808868672475,0.142779086398985,0.142748951200998,0.142719580472978,0.14269124259761,0.14267068713458,0.142646862447009,0.142622256546816
"x19",0,0,0,0,0,0,0,0,0,0,0,0,0,0,0,0,0,0,0,0,0,0,0,0,0,0,0,0,0,0,0,0,0,0,0,0,0,0,0,0,0,0,0,0,0,0,0,0,0,0,0,0,0,0,0,0,0,0,0,0,0,0,0,0,0,0,0,0,0,0,0,0,0,0,0,0,0,0,0,0,0,0,0,0,0,0,0,0,0,0,0,0,0,0,0,0,0,0,0,0,0,0,0,0,0,0,0,0,0,0,0,0,0,0,0,0,0,0,0,0,0,0,0,0,0,0,0,0,0,0,0,0,0,0,0,0,0,0.0020407797805376,0.00446503170812728,0.00679243217975149,0.00902893164573211,0.0111836172239523,0.0132569244609661,0.0152518522681492,0.0171713640588023,0.0190183108433476,0.0207611968494511,0.0223653265566926,0.023926252319932,0.0254220331844974,0.0268670840235725,0.0282575100889334,0.0295953732016112,0.0308826598572245,0.0321212820745296,0.0333082096430873,0.03445508359706,0.0355586547627812,0.0366205062154867,0.0376422155398426,0.0386253002806902,0.0395672075717618,0.0404774075749165,0.0413533130682568,0.0421961038717808,0.0430070339365253,0.0437838572591234,0.0444791161627793,0.0451502505847691,0.0457994072026283,0.0464242557657268,0.0470254704812328,0.0476035906165076,0.0481596414117392,0.04869527135731,0.0492106343991426,0.0497065131078352,0.050183609081856,0.0506619935123667,0.0510854466618282,0.0515029482744885,0.0519060450078239,0.0522941981308188,0.0526676796663416,0.0530278925405649,0.053373199287416,0.0537058601526769,0.0540259789688279,0.0543348869259509,0.054630804218284,0.0549158944189609,0.0551902701427896,0.0554551496533085,0.0557087609079615,0.0559530660579233,0.0561882308065462,0.056415312340842,0.0566326954522239,0.0568420354051139,0.0570435868942038,0.0572382040952087,0.0574245738923439,0.0576039431494739,0.0577766777191224,0.0579446735635872,0.0581052940597836,0.0582584607361754,0.0584052747844611,0.0585487763727673,0.058686607909077,0.0588185653947386,0.0589453863897949,0.0590676151838447,0.0591849817122576,0.0592976328091482,0.0594066237088443,0.0595112098465507,0.0596119961511117,0.0597068939105282,0.0598028911706723,0.0598901562167359,0.0599767374502385,0.0600596219113206,0.0601377830941177,0.0602148774155625,0.0602890312435661,0.0603599547491147,0.0604255683973919,0.0604913066600938,0.0605508775682224,0.0606160258889654,0.0606752501573577,0.0607282060115015,0.0607822820264393,0.0608348607884479,0.0608855073323128,0.0609342247506127,0.0609761659080418,0.0610201491023157,0.0610634391317646
"x20",0,0,0,0,0,0,0,0,0,0,0,0,0,0,0,0,0,0,0,0,0,0,0,0,0,0,0,0,0,0,0,0,0,0,0,0,0,0,0,0,0,0,0,0,0,0,0,0,0,0,0,0,0,0,0,0,0,0,0,0,0,0,0,0,0,0,0,0,0,0,0,0,0,0,0,0,0,0,0,0,0,0,0,0,0,0,0,0,0,0,0,0,0,0,0,0,0,0,0,0,0,0,0,0,0,0,0,0,0,0,0,0,0,0,0,0,0,0,0,0,0,0,0,0,0,0,0,0,0,0,0,0,0,0,-0.000538118538134539,-0.00301393034446109,-0.00537161658047172,-0.00853421440525032,-0.0118339648802194,-0.0149797493403884,-0.0180080703299608,-0.0209206109856531,-0.0237231025701779,-0.0264196486090227,-0.0290142547351039,-0.0315107746653491,-0.0339137315190252,-0.0362254460811043,-0.0384557171717862,-0.0406013895861171,-0.0426660708433803,-0.0446527374553621,-0.0465642999453177,-0.0484035979401673,-0.0501733633222171,-0.0518761456779617,-0.0535145797784678,-0.0550911310509601,-0.0566080816836792,-0.0580676856930791,-0.0594721109976738,-0.0608233884297725,-0.062123565842601,-0.0633746644055188,-0.0645784652720674,-0.0657367578047832,-0.0668503986611188,-0.0678743940795888,-0.0688676510192793,-0.0698240218710898,-0.0707443317179289,-0.0716298458397546,-0.0724823062648199,-0.073301897030798,-0.0740907305234513,-0.0748497385575802,-0.0755800522431788,-0.0762830717201287,-0.0769901167569086,-0.0776523569124844,-0.0782937418027451,-0.0789105271373346,-0.0795040089889429,-0.0800750693815088,-0.0806258416110855,-0.0811544696431827,-0.0816631010953031,-0.0821525408928356,-0.0826244301127566,-0.0830775799997113,-0.0835134965096355,-0.083932983345525,-0.0843371948155183,-0.0847256812627909,-0.0850992816674723,-0.085458816687903,-0.0858049551524901,-0.0861380447141906,-0.0864582469902973,-0.0867664019683726,-0.087062699328678,-0.0873483290683175,-0.087622783243193,-0.0878869053491974,-0.0881405053233335,-0.0883851189861252,-0.0886204752707944,-0.0888472208564452,-0.0890644498739746,-0.0892740086745709,-0.089475805105377,-0.0896689544611465,-0.0898560246689933,-0.0900357528846003,-0.0902073017085223,-0.0903740175399797,-0.0905341965365172,-0.0906874773532178,-0.09083170395682,-0.0909784971389529,-0.0911120858598723,-0.0912443050512604,-0.0913714575117938,-0.0914912557036431,-0.0916092281929042,-0.0917227526648753,-0.0918321918274303,-0.091934725358353,-0.0920356917285392,-0.0921283109172813,-0.0922253718231738,-0.0923167939773893,-0.0923993119318856,-0.0924822813663187,-0.0925626765847159,-0.0926400983649692,-0.0927145842904128,-0.0927822408657054,-0.0928505540865848,-0.092916989098034
