"br","bc","kappa","phi","nll"
1,1,2.07,1235317537169801,-5056.16395575454
2,1,2.15,3819013929290013,-5784.65234207532
3,1,2,349367650163968,-5099.17380028297
4,1,2.09,1447645045227043,-5547.15083925941
5,1,2.24,7746937241855964,-7997.99639138828
6,1,2.11,594295388453177,-8653.681360765
7,1,2.02,345496159136555,-6015.24219519417
8,1,2.11,1176995244825010,-6949.42246112989
9,1,2.01,287202208126046,-6032.04473803056
10,1,1.96,90747042431086.8,-6683.1453150555
11,1,2.11,737515398089953,-8115.20061355083
12,1,1.85,14849315566438.8,-6297.24326965919
13,1,2.02,106500242477979,-8950.2668505687
14,1,1.96,4921736516921.87,-13951.6949870174
15,1,2.15,405415323398909,-11378.2840867065
16,1,2.09,810080890651354,-6995.06573520918
17,1,1.98,74240026826988.6,-8073.15607049294
18,1,1.78,255079170909.347,-13306.3146597485
19,1,1.86,2440231221181.87,-11247.209617294
20,1,2.32,11414293323349990,-10559.1605640693
21,1,1.82,2028841551359.8,-9922.25897798252
22,1,1.76,210566313586.483,-12889.9449832448
23,1,1.95,16316940664156,-10517.6965654806
24,1,1.73,221474742412.924,-11420.9263718237
25,1,1.98,18925074822948.6,-11481.9944184633
26,1,1.79,524303487727.822,-11956.5099535472
27,1,1.69,26204799924.8446,-14951.2582496387
28,1,1.73,15623369579.6604,-18033.8689024854
29,1,1.56,802385516.781064,-17802.2593234364
30,1,1.83,753837383374.681,-12837.9855694778
31,1,1.86,428875592785.712,-15583.4805131641
32,1,2.01,1863036965733.98,-18596.7633468174
33,1,2.02,5990515629567.9,-16127.923461393
34,1,1.88,1104145073147.87,-14116.899705405
35,1,1.94,11515305423762.9,-10941.9604428556
36,1,2.04,181574897925662,-8507.44632512613
37,1,1.74,400622016257.912,-10390.5362894394
38,1,1.94,1170334508632.94,-16644.2107285689
39,1,1.68,5696730411.21026,-18308.6625779047
40,1,1.72,3656035888.92611,-21208.1518108112
1,2,1.89,65301528582115.3,-4387.2661121056
2,2,2.15,5366977143747833,-4936.01253025226
3,2,2.03,769493588188936,-4462.12109062696
4,2,1.99,337665814356457,-4739.81353379233
5,2,2.11,1773295468678373,-5927.19452532608
6,2,2.06,1090050521297587,-4924.71165151089
7,2,2.09,874440583397310,-6804.39883426802
8,2,1.87,39979901093002.5,-4719.29148397439
9,2,2.08,606439246471879,-7273.93254868132
10,2,2.04,235518594859953,-7858.70295478242
11,2,1.83,13489490964542.2,-5644.06865328166
12,2,2.09,1194364254791468,-6026.80711957251
13,2,1.87,26120995483016.2,-5780.83125825724
14,2,1.85,1935570185880.86,-11378.8975127381
15,2,1.59,1713401998.96537,-17261.0179771912
16,2,1.92,13741451201422,-9610.85923692488
17,2,1.95,30127986866514.7,-8988.2494111289
18,2,1.58,4406030003.35268,-14455.3385158787
19,2,2.25,1769959076046775,-12121.3510456515
20,2,1.95,16393486994733.3,-10506.0240249116
21,2,1.81,473398930847.377,-13105.0360396607
22,2,1.97,39503590837486.7,-9202.07171350594
23,2,2.02,55688062834231.5,-10567.3301862289
24,2,1.77,236635731828.811,-13046.2391527805
25,2,1.94,41874387599067.1,-7722.21315514247
26,2,1.65,60366123431.5066,-11074.8868522058
27,2,1.83,178442108563.567,-16431.6212097701
28,2,1.73,9081818876.92799,-19386.8473270657
29,2,1.62,1711861452.20776,-18612.6478116638
30,2,1.84,100436550653.838,-18311.4387388892
31,2,1.91,2912448359384.93,-13034.7563417292
32,2,1.97,1078784228283.35,-18181.8605786163
33,2,2.19,640759524325391,-12005.540379823
34,2,2.04,103479682654904,-9909.80491436114
35,2,1.86,1095119891497.85,-13245.4746195108
36,2,1.8,772279672852.965,-11437.6172986353
37,2,1.76,200545586194.033,-13011.5500513467
38,2,1.84,190902615249.754,-16709.6990651396
39,2,1.72,1329843546.25629,-23730.3793244697
40,2,1.74,1692668140.18762,-24024.5168025076
1,3,1.93,192351339092298,-3474.64686439873
2,3,1.99,565129924827188,-3455.40610586249
3,3,1.92,163180671721487,-3439.60312732735
4,3,1.97,339508151812352,-3837.21239458726
5,3,1.97,217315560327025,-4949.90417394735
6,3,2.02,356536919694337,-5936.790258494
7,3,2.1,396469838305063,-9220.21370066168
8,3,1.94,86695052115257.7,-5907.27337084945
9,3,2.19,2118542891321352,-9023.14139116902
10,3,2.15,2929011016279312,-6446.37894416053
11,3,2.12,2081950832969928,-5969.8543768744
12,3,1.94,207654224801855,-3728.82047955701
13,3,2,183547258247095,-6704.4434697823
14,3,1.8,1420153455724.95,-9918.33869634656
15,3,1.71,212945905102.436,-10622.7729421432
16,3,1.99,79260754750312.3,-8354.40160550878
17,3,1.79,624015735323.457,-11522.2923499089
18,3,1.79,113419434934.74,-15774.7689139691
19,3,1.82,514548574604.365,-13343.8531030138
20,3,1.87,1444884377292.78,-13000.238279931
21,3,1.71,96721282432.5317,-12591.0494673165
22,3,2.06,341114266533603,-7822.1456064911
23,3,1.99,60439163334602.8,-9030.53951006042
24,3,1.81,2245894269264.2,-9222.07601228135
25,3,2,155793969104721,-7113.30421577228
26,3,2.04,154139724957129,-8915.98530610997
27,3,1.87,822037618993.6,-14406.8503454534
28,3,1.78,187497606404.053,-14073.9875415028
29,3,1.8,116844309945.908,-16147.5472486103
30,3,1.8,735201239824.425,-11560.3283274962
31,3,1.69,107566593133.621,-11429.3124309174
32,3,2.07,231032181947140,-9237.42058417782
33,3,1.84,228411592898.772,-16262.310871769
34,3,2.24,2295417187389995,-11031.655500277
35,3,2.16,979705920633119,-9620.11758500765
36,3,2.14,369816919612223,-11164.9851435916
37,3,1.92,3937731334595.97,-12727.8907287566
38,3,1.73,4660720170.81469,-21050.6059752663
39,3,1.8,20963611631.0411,-20432.3744463001
40,3,1.62,115464498.243223,-25337.4033650148
1,4,1.9,84420056226060.3,-4192.44736030271
2,4,1.85,26978120846366.8,-4808.14464396801
3,4,2.12,1754902323383785,-6396.05941256251
4,4,2.02,281921728907069,-6522.40221032548
5,4,2.06,588411012327932,-6462.3963790281
6,4,2.23,9323667064643168,-7094.48933954495
7,4,1.96,50894757490226.4,-8125.46532012745
8,4,2.08,688787383700577,-6956.37630735915
9,4,2.12,2792305245340164,-5237.71036764477
10,4,1.99,300480999623803,-5030.79392250365
11,4,2.2,13280915496987148,-4887.08382663794
12,4,2.01,278256237768736,-6110.96516793399
13,4,2.06,553357452340011,-6615.58165981031
14,4,2.09,364725646284958,-8985.24952993175
15,4,1.85,4689213015056.83,-9172.04965220412
16,4,1.93,20364840796243.7,-9074.95795082131
17,4,1.74,61901060435.9673,-15048.0340753956
18,4,1.97,19221554181560,-10998.6478377742
19,4,1.74,79804656315.6274,-14414.4469886645
20,4,1.51,2903118301.41906,-12340.4407303713
21,4,1.35,108942192.910895,-13283.2818517955
22,4,1.86,3899594588366.2,-10078.0727999936
23,4,1.95,89031156137502.2,-6285.92099857454
24,4,2.06,195353864499679,-9212.31345173418
25,4,2.39,38123836875509872,-10632.5083915271
26,4,1.86,6652762331988.56,-8745.87885571847
27,4,1.87,1996270635097.93,-12194.0491517203
28,4,1.73,121634119585.34,-12915.5582115553
29,4,1.69,84227127313.3379,-12039.3275732025
30,4,1.66,43838837185.216,-12321.7557383191
31,4,1.8,875298505906.698,-11125.3230508938
32,4,2.17,1140756292957303,-9682.81908129441
33,4,2.1,279417932440835,-10092.8427066253
34,4,2.02,22356571628649.4,-12843.4680675927
35,4,1.86,2794200325781.17,-10909.3894381711
36,4,1.81,351229582172.944,-13849.4909213406
37,4,1.66,11877824578.9718,-15578.5379999693
38,4,1.85,540758780559.932,-14559.2062324574
39,4,1.72,11923241723.719,-18259.9691930745
40,4,1.84,105500576472.043,-18188.7583158767
1,5,2,325557844220943,-5275.21192214634
2,5,2.11,1757353227672007,-5949.71742279378
3,5,2.13,2367324347403122,-6092.23043240192
4,5,1.91,53184753461577.3,-5790.24081241396
5,5,2.15,3556445772249723,-5962.30142862709
6,5,1.96,159764013227389,-5272.48422956411
7,5,1.89,38509358327922.9,-5704.38282566887
8,5,2.16,1390176870621383,-8747.3826443212
9,5,2,252178710700398,-5912.18488191385
10,5,2.15,2206314449574387,-7153.03233440811
11,5,1.9,90924154390587.2,-4007.34097347913
12,5,1.92,121305306541281,-4179.19244317418
13,5,1.93,100594773455405,-5091.31574549386
14,5,2.15,4783144291280950,-5223.23828691369
15,5,1.93,26465235740196.8,-8421.47486000777
16,5,1.98,24828010274266.3,-10804.9115532275
17,5,1.99,57080126969920.9,-9173.14961582984
18,5,2.16,259416036280732,-12934.1930563958
19,5,1.65,3122062762.41877,-18461.9506275196
20,5,1.59,757860634.194039,-19295.4651507656
21,5,1.48,1052844226.02977,-13515.2624503411
22,5,2.07,118546112514914,-10901.5545456434
23,5,1.91,19865010517540.8,-8246.3615600484
24,5,1.79,714465462948.036,-11184.7068195671
25,5,1.91,5783073667931.04,-11324.0189147362
26,5,1.97,49105920221909.9,-8659.40717351245
27,5,1.9,4977795851905.1,-11252.5069867743
28,5,2.16,203533697094884,-13539.2412267578
29,5,1.68,27626279298.205,-14370.9481533019
30,5,1.79,2392617462471.05,-8170.4370723899
31,5,1.96,28257398342817.4,-9592.94641857034
32,5,2,3966761600218.42,-16267.7416582053
33,5,1.99,121063545700055,-7298.01186872342
34,5,1.55,3346695568.69248,-13789.8796235945
35,5,1.67,18876963697.0098,-14872.0109954153
36,5,2.02,20520628228699.2,-13057.1781174782
37,5,1.68,119922959117.566,-10709.5514930419
38,5,1.71,60840614243.5475,-13747.2077670509
39,5,1.84,2384594646038.47,-10412.2966938136
40,5,1.87,139908300583.591,-18823.2229193554
1,6,1.99,167241317472214,-6492.1450885214
2,6,2.01,505293242791986,-4623.05341767166
3,6,1.87,29455691709108.4,-5481.18278796961
4,6,1.98,138019664426010,-6526.64482428528
5,6,2.01,147010707648446,-7702.22940226312
6,6,1.85,25693301213686.8,-4929.84160289929
7,6,2.23,10319357456241536,-6841.43442509335
8,6,2.08,783628602814094,-6634.64394613911
9,6,2.16,3503798760179154,-6441.88725518096
10,6,1.93,21340063974578,-8958.29780827017
11,6,1.98,207627825782895,-5508.21741276105
12,6,2.17,6487795000113241,-5347.67031332164
13,6,1.89,74986646703974.3,-4042.35935695785
14,6,2.03,434285201215733,-5888.7667958684
15,6,1.88,9990816291593.56,-8623.627889795
16,6,1.64,15098478002.2623,-14081.9855280973
17,6,1.92,4148944226898.92,-12597.5813619985
18,6,2.22,5795816929663563,-7838.60015445799
19,6,1.81,949227329609.045,-11369.9356044762
20,6,2.33,2622927092740523,-14667.249815445
21,6,1.82,992498533793.408,-11705.4557835158
22,6,1.78,352808661343.125,-12497.3810136715
23,6,1.79,488154276901.607,-12134.6793049647
24,6,1.76,660202056444.321,-10039.9382003825
25,6,1.9,4474959569315.13,-11518.0927378802
26,6,1.97,23765543971146.4,-10469.4097239963
27,6,1.91,12976634151164,-9308.33058137981
28,6,2.03,28020506553711.5,-12724.2343190409
29,6,2.08,89297558323104.4,-12051.514785153
30,6,2.07,331928158090961,-8333.69090939968
31,6,2.04,321793975271062,-7080.27157711257
32,6,1.68,4648903238.06545,-18815.5956844799
33,6,2.27,10648066698592904,-8528.4462416547
34,6,1.95,67999856568747.9,-6958.00606774088
35,6,1.58,1565964002.13486,-17035.3128008239
36,6,1.84,2216908320601.75,-10594.1481336055
37,6,1.9,7052783823070.69,-10383.5095621515
38,6,1.97,20597979631311.7,-10826.1609725686
39,6,1.75,82362697322.0778,-14783.4430014183
40,6,1.87,35341568855.5531,-22254.7857379168
1,7,2.03,683473226095626,-4757.7726627509
2,7,1.94,124695901485723,-5000.75132782901
3,7,1.91,88152150068527.2,-4530.04123420737
4,7,1.9,67727173850795.5,-4741.91925698555
5,7,2.09,879806321955261,-6789.14192413047
6,7,2.03,476590489105114,-5656.93417069963
7,7,2.15,1904269661055970,-7520.2112312617
8,7,2.08,571970561386468,-7419.8740183121
9,7,2.23,10759446564171124,-6737.27844400151
10,7,1.93,24435259479640.5,-8620.50818844634
11,7,1.87,23530880571200.4,-6041.26917904032
12,7,2.09,1418159275053340,-5598.47332862216
13,7,1.91,73748660753471.5,-4974.97448489371
14,7,1.9,62223095253963.3,-4953.3138107375
15,7,2.01,169650502137219,-7345.0012479275
16,7,1.83,581699376039.116,-13484.4874685231
17,7,2.17,801100111423511,-10564.3503513899
18,7,2.01,326293550455153,-5713.7831232341
19,7,2.02,211428835771674,-7240.02828270974
20,7,2.08,258396399888009,-9401.58817335124
21,7,1.96,16467726908915.2,-10939.5886791072
22,7,1.96,12938251878731.7,-11541.1772307636
23,7,2.19,3721846159411406,-7617.79411981758
24,7,1.95,25168289949133.3,-9436.84436610118
25,7,1.77,740176628444.226,-10202.1641476699
26,7,2.01,46283877536554.2,-10584.5744872462
27,7,2.11,518670258213694,-8993.13506714217
28,7,1.98,161183973141331,-6139.70014546943
29,7,1.92,8497042067477.06,-10809.7220168921
30,7,1.78,346857770265.745,-12539.8066027048
31,7,1.95,88419079005891.4,-6303.12611998811
32,7,1.81,30563775577.8017,-19938.9026409502
33,7,1.81,153741446616.232,-15909.953455788
34,7,1.86,54614076561026.9,-3495.36164947768
35,7,1.92,36164903177334.8,-7197.48471251912
36,7,2.03,109293041418374,-9329.66062283148
37,7,1.93,16035937499890.5,-9670.96815073007
38,7,2.01,10638550480956.7,-14251.5262342406
39,7,1.88,441108766144.412,-16405.2323564246
40,7,1.83,487112852202.665,-13927.0676024548
1,8,2.08,1810689295480663,-4545.84988531494
2,8,1.99,381092185715882,-4438.07791231474
3,8,1.99,404308938275840,-4290.58778692425
4,8,1.92,118760642090756,-4232.06650448035
5,8,2.09,1487320355625627,-5479.71818593466
6,8,2.17,3503873295622633,-6884.10825868434
7,8,2.04,488289690075210,-6040.28019989624
8,8,2.08,1097951024761373,-5793.50296655955
9,8,2.04,260165463085588,-7610.48023331849
10,8,2.15,501168104932428,-10849.482383852
11,8,2.05,399044801053432,-6987.36285113395
12,8,2.12,2109164507821228,-5937.46592968129
13,8,2.25,12497912172051436,-7246.56573002103
14,8,2.07,1036729137994861,-5493.25579840133
15,8,2.07,140203502477262,-10483.0789625963
16,8,1.81,706476176876.313,-12106.5605383851
17,8,2.18,2318749654433150,-8355.89161882373
18,8,2.02,535969429879682,-4920.1377704951
19,8,2.03,194956021142535,-7886.27988960809
20,8,2.05,203646031252772,-8665.05257930201
21,8,1.86,9516347515710.72,-7853.07934398785
22,8,1.97,14979942746787.2,-11620.4521843634
23,8,1.98,292202905606031,-4656.01445713025
24,8,1.83,17555303152263,-4987.03646674323
25,8,2.01,359158891395274,-5474.44030973087
26,8,1.9,12973033546731.9,-8863.54013219675
27,8,1.97,118136712508955,-6470.01702086189
28,8,2.18,6717695620018922,-5702.98121208345
29,8,1.87,8061257355316.37,-8712.95191857233
30,8,1.98,182988239646486,-5823.27268932138
31,8,1.96,130724851106063,-5772.78828129616
32,8,2.1,423615382111994,-9055.04616251095
33,8,2.02,142952785135352,-8216.11520359218
34,8,2.02,490901477325687,-5139.19495633266
35,8,1.87,34136262518078.2,-5113.38493161739
36,8,2.1,445076071263929,-8931.79445742672
37,8,1.97,39994296730254.6,-9171.28256735097
38,8,2.12,26515646703139.4,-16851.9885061496
39,8,1.88,568002640750.348,-15774.6628948674
40,8,1.72,77282978471.5935,-13598.7227251963
1,9,2.01,259452871241556,-6285.46370232679
2,9,2.11,2864224029135535,-4731.42675642819
3,9,1.91,115449336920839,-3857.24110720196
4,9,1.86,44207364634379.5,-4022.59391314273
5,9,2.14,3709305496973601,-5414.83902186423
6,9,1.85,28941379744150.5,-4632.95062712197
7,9,2.02,258145074230018,-6742.14292695245
8,9,1.9,52188071173347,-5391.93930192679
9,9,1.94,38579514115030.3,-7926.60381832617
10,9,2.18,1117625985050146,-10176.065988138
11,9,2.06,580836415582007,-6494.70999906406
12,9,1.99,330139854248420,-4796.02910689905
13,9,2.17,2741156156736511,-7496.35838852783
14,9,2.03,389281657981968,-6161.60622043407
15,9,1.96,29260766051116.2,-9505.92511082438
16,9,1.92,8185472986243.24,-10902.8906611059
17,9,2,92048117066456.6,-8425.70430683554
18,9,1.89,67079782890896.7,-4320.2591762318
19,9,2.12,3233720897155919,-4871.6760951451
20,9,1.98,120451321910842,-6866.20408917614
21,9,1.86,27952087602906.1,-5165.84228723355
22,9,2.16,3418468262477826,-6503.37723841121
23,9,1.86,46121172230516.5,-3916.89640705581
24,9,1.92,133913561090834,-3932.57583925826
25,9,2.02,544639879427583,-4880.11485925078
26,9,2.03,518417276640638,-5447.13175140605
27,9,1.92,56156181791538.8,-6100.00588261209
28,9,1.89,55230477188672.1,-4805.01241076675
29,9,1.91,70074064456671,-5102.44304790431
30,9,2.14,5700840520926857,-4342.99522997119
31,9,1.94,149462352041332,-4548.92195174008
32,9,2.03,477613199573044,-5651.58805662785
33,9,2.03,227518132736923,-7501.06677767265
34,9,1.95,220635376503338,-4022.55344541748
35,9,2.03,525792543198640,-5411.90086136373
36,9,2.2,3548038017396032,-8178.99747720215
37,9,2.06,413863453088673,-7340.00906214063
38,9,1.95,199024339248069,-4279.64577408072
39,9,2.22,12007627832517576,-6021.95643285415
40,9,1.64,3725542302.25283,-17572.0430351268
1,10,1.89,85959140533993.9,-3701.77368021131
2,10,2.02,594583931070161,-4661.29857958287
3,10,2.1,1948993744901245,-5248.59720734063
4,10,2.1,1718620310488832,-5562.32092717019
5,10,2.03,385505565973971,-6185.91650264659
6,10,1.91,106686028754556,-4054.12141302327
7,10,2.03,499024225741446,-5542.2175668937
8,10,1.97,134685142805214,-6143.06049303588
9,10,2.09,674578272704358,-7451.58343996291
10,10,2.24,5657519403882892,-8781.89062506807
11,10,2.16,2574587712547181,-7210.43413096131
12,10,1.93,70948914315412.2,-5962.07140731602
13,10,2.02,359045891039567,-5919.30129681752
14,10,2.02,307742876303501,-6303.84016673033
15,10,2.01,183056140776327,-7155.3264752258
16,10,2.09,1572162336218634,-5341.36135574763
17,10,1.95,83123143276797.1,-6457.16705734863
18,10,1.8,8385452928113.39,-5489.65940445523
19,10,1.89,55310804971659.3,-4801.38774634966
20,10,2.09,862742784555356,-6837.98740277394
21,10,2.16,3591172785036921,-6380.45731609459
22,10,2.19,10113915700940756,-5124.56116661637
23,10,1.78,7632268579670.15,-4830.28997674456
24,10,2.08,2289349461570097,-3960.85699522374
25,10,1.93,95693818917497.3,-5215.88255176113
26,10,2.04,580796311726530,-5607.59300686412
27,10,1.99,335997713754360,-4752.16465933422
28,10,1.81,7849142886630.55,-6101.33241729831
29,10,1.96,58290205384408.9,-7787.0939811612
30,10,2.02,471966783448099,-5237.29605084362
31,10,2.05,842476883733334,-5123.66516077436
32,10,1.94,79906506162535.5,-6110.63297077788
33,10,2.03,178557221306184,-8105.41490814557
34,10,1.87,85444003360851.8,-2825.13745329277
35,10,1.96,251944544119707,-4136.43931887789
36,10,2.03,296529974214348,-6840.36036975878
37,10,2.03,934808005674965,-3976.76737721985
38,10,1.8,16449643863656.6,-3809.18869429895
39,10,1.78,12656455657.7803,-20796.8106140217
40,10,1.9,146119206248.176,-20052.1363243168
1,11,2.14,2830547064793300,-6089.15342247483
2,11,2.1,1485767160516539,-5925.42383020426
3,11,2.05,932185073486738,-4871.30940283576
4,11,2,221938940898769,-6230.75772412489
5,11,1.95,178169874563435,-4555.70583190191
6,11,2.03,992272504071764,-3827.98380542878
7,11,1.97,173845361746924,-5506.52585258143
8,11,2.05,382695508094149,-7091.69694433318
9,11,1.97,81856530896645.2,-7385.0018810535
10,11,2.06,542628660019522,-6664.41159023072
11,11,2.13,1317217681709937,-7554.30963773148
12,11,2.11,2498904400464108,-5071.72076723831
13,11,1.98,98258008385613.2,-7374.10456063789
14,11,1.89,70089006362790.6,-4210.81434214856
15,11,2.04,890646913708941,-4541.28840743532
16,11,2.03,926250516598924,-3999.70327946921
17,11,2.13,3011001440965387,-5492.39256161099
18,11,2.13,1295728613527317,-7595.33225229687
19,11,1.87,36134875408666.5,-4971.48071962643
20,11,2.08,902163342328760,-6283.33809478363
21,11,1.98,232932188414622,-5221.40692272421
22,11,1.96,142595498603492,-5556.01678499764
23,11,1.93,129464897920513,-4462.05589420516
24,11,1.99,273073174441835,-5269.33186728535
25,11,1.88,29015341795942.5,-5964.62879691274
26,11,2.01,323237895841746,-5737.24883492399
27,11,2,377117083938780,-4908.55513538751
28,11,1.96,99771730508243.9,-6446.69167048197
29,11,2.24,14644563619963436,-6409.88799111817
30,11,1.96,206452439676610,-4633.09181214042
31,11,2.07,1262040804747426,-5002.78725591143
32,11,1.98,255440086421855,-4991.35908486649
33,11,1.91,9134201093567.29,-10184.0354255687
34,11,1.85,17017615253736.6,-5957.32297952597
35,11,2.01,556100610354756,-4384.10254889197
36,11,1.9,117209695115118,-3374.01734243133
37,11,1.86,49471724639617.4,-3741.99424480484
38,11,2.09,167536942613844,-10925.4357233838
39,11,1.97,7769267583231.9,-13257.8536125652
40,11,2.38,4503171734907164,-15520.0098771783
1,12,2.01,246660627800374,-6411.56447503302
2,12,1.99,152555000677174,-6721.37509543297
3,12,2.19,6459184265072395,-6242.89379289602
4,12,1.97,95280707908138.3,-7006.26487885334
5,12,1.92,53621237485593.6,-6215.20762830417
6,12,2.05,1305748193113723,-4030.83112388388
7,12,1.95,159519194229519,-4831.47537196831
8,12,2.07,424639881733329,-7719.36155084737
9,12,2.03,225536315630383,-7522.88615681179
10,12,2.15,1662597483118147,-7858.69049359062
11,12,2.12,926224064648978,-7989.85585454914
12,12,2.06,807824987181853,-5671.99857049213
13,12,2.03,290261427360871,-6893.64796247256
14,12,2.03,444849000644465,-5828.82740584813
15,12,1.95,172070176366186,-4642.58444893631
16,12,2.03,742592486378540,-4550.87057221233
17,12,2.02,530179961640222,-4947.22417288923
18,12,2.04,482279905191659,-6071.16638288474
19,12,1.88,34489351204634.2,-5533.60100702776
20,12,1.92,67629019214267.3,-5636.37028528882
21,12,1.91,53623481252206.1,-5769.75188163568
22,12,1.95,86491461736929.6,-6358.09904604172
23,12,1.99,332654104028034,-4777.10748291641
24,12,1.92,93134495442908.6,-4838.27166324823
25,12,2.05,454624746533075,-6662.14861342295
26,12,2.16,3652110603577734,-6338.49223007914
27,12,1.97,114596759928964,-6545.89199135074
28,12,2.21,4770731909739163,-7882.32492370672
29,12,2.1,547043065497076,-8417.32636269971
30,12,1.89,20150526755994.6,-7319.67393908887
31,12,2.06,826112398713896,-5616.16937004591
32,12,2.06,446892463124945,-7148.51501590587
33,12,1.98,90433060942186.9,-7581.07373657328
34,12,2.39,60498175650666616,-9480.8453230076
35,12,1.99,78726026095050,-8371.2842630534
36,12,1.82,25114232783409.6,-3647.43038959622
37,12,1.92,169313657759536,-3347.58710858793
38,12,1.95,39528222231531.3,-8310.97785417174
39,12,1.94,7312775623784.94,-12074.3715002462
40,12,2.07,28320175667828.7,-14472.2830510098
1,13,2.06,482215012519782,-6958.7911794409
2,13,2.21,4069585287600624,-8278.7677569076
3,13,2.03,342502367745221,-6480.89949133463
4,13,1.95,26335276275103.2,-9323.80512076458
5,13,2.09,406814063278993,-8712.87775198286
6,13,2.08,1142142444438607,-5695.0894825506
7,13,2.04,570080575390648,-5654.03727741391
8,13,1.99,180636242376823,-6299.98858792917
9,13,1.92,65159640472063.2,-5729.13936174863
10,13,2.01,170016499667617,-7339.62658280415
11,13,2.14,1140159087528151,-8356.95310666649
12,13,2.06,355491224224625,-7719.1856808218
13,13,2.18,1820718775535953,-8958.93269737503
14,13,2.26,9110607489013390,-8476.22214534486
15,13,2,315256693191054,-5355.40137616788
16,13,1.91,84810807094627,-4626.41269311169
17,13,2.05,976317955230974,-4755.94460572819
18,13,1.92,102285778658053,-4604.51899117992
19,13,2.05,740251284340911,-5446.28032702889
20,13,1.83,12004591384867.2,-5934.92328085037
21,13,1.77,4761370107536.92,-5559.82781225679
22,13,2.17,4651834092020878,-6177.32721970795
23,13,1.94,135622103259749,-4791.26934295602
24,13,2.04,413883010539804,-6452.60201254749
25,13,2.09,865924921334068,-6828.80546680877
26,13,2.14,2523582397324257,-6375.44098888585
27,13,1.98,127156302151138,-6731.10073836753
28,13,1.98,250076294178560,-5044.28635061518
29,13,1.9,28831788207813.3,-6871.8175782693
30,13,1.81,6475981481237.94,-6580.93900032932
31,13,1.96,171363683165531,-5097.67904367432
32,13,1.99,184262730006724,-6250.41454894115
33,13,2.03,353974200983449,-6398.73351135856
34,13,2.12,299347120649846,-10806.8596234973
35,13,1.77,2224020821091,-7458.30731539453
36,13,2.08,1680815171451805,-4731.47506854813
37,13,1.74,4180331138474.18,-4541.78864815574
38,13,1.77,57003864787.3537,-16596.2059689662
39,13,1.78,73908347702.876,-16395.7526458762
40,13,1.6,2628249717.32252,-16643.9455817438
1,14,1.98,119767134286741,-6880.41089556107
2,14,2,119917434429339,-7766.06123980824
3,14,1.76,755560793654.528,-9703.46190553892
4,14,1.85,1797202889165.2,-11563.8786074962
5,14,1.89,5587552961498.86,-10518.7002834532
6,14,2.12,840988261196533,-8230.62280898687
7,14,2.07,408247081114370,-7817.5475639011
8,14,2.11,1056473879234277,-7218.84417912457
9,14,1.94,61928504229038.6,-6746.29550103971
10,14,1.99,71861437970573.5,-8598.82188052648
11,14,2.18,1862100093442165,-8902.88359247198
12,14,1.95,46873870028661.2,-7885.88684129812
13,14,1.92,17227048879000.9,-9047.05597543091
14,14,2.16,1497307151646489,-8562.23487195939
15,14,2.29,36249177373724880,-6355.13868758868
16,14,1.89,40488929918714.2,-5579.36529906488
17,14,1.83,17591530121786.9,-4981.89517317154
18,14,2.11,1360442925126243,-6588.17768742186
19,14,2.09,1695902714401275,-5152.4078901983
20,14,2.1,1649160882957490,-5665.21144859218
21,14,2.06,864371133739724,-5503.26252507238
22,14,2.13,1446536111364952,-7320.74625183863
23,14,2.03,610441156210016,-5039.60858163136
24,14,2.2,4523789313764210,-7573.06719136523
25,14,2.18,494935681702857,-12207.5143833482
26,14,2.07,139395328961819,-10497.4966935322
27,14,2.12,1135813015057845,-7481.11025522971
28,14,2.05,466852325262671,-6595.95625255129
29,14,2.01,106809013318054,-8498.97039347285
30,14,2.04,673113730272136,-5239.69261148393
31,14,1.86,39677627958912.2,-4292.20502608248
32,14,2.16,3729761258653779,-6286.02101930833
33,14,2.06,510741786845228,-6815.45088791524
34,14,1.95,97179611316992.8,-6067.51006609249
35,14,1.99,348617142277596,-4660.2110018548
36,14,2.08,1820789633988375,-4531.97657932404
37,14,1.87,12627385081066.9,-7593.64888140692
38,14,2.23,1937462544008547,-11013.0044364889
39,14,1.87,4328604470997.75,-10263.7818394319
40,14,1.84,253373096961.399,-16003.648503704
1,15,2.02,324598791996013,-6170.84682754226
2,15,1.98,78877833951468,-7922.02765120006
3,15,1.85,702190848532.402,-13907.6938024325
4,15,1.8,1115623128174.13,-10520.2701479686
5,15,1.91,28647130231585.2,-7333.32473769215
6,15,1.71,152704359598.553,-11452.1137479473
7,15,1.92,33856947168375,-7361.9513201137
8,15,1.99,124348677148870,-7231.23762932286
9,15,2.14,206169407103045,-12622.2539741077
10,15,1.94,7124493365744.84,-12139.4257118366
11,15,2.13,828532987039207,-8710.57872247347
12,15,2.24,3514741663093032,-9969.0832612719
13,15,1.93,31789406895149,-7964.3219044016
14,15,2.04,206867850713129,-8182.19890258128
15,15,2.24,7824899083140236,-7973.02329859282
16,15,1.8,8624691985090.5,-5419.50108920006
17,15,2.06,883246641225862,-5449.38650365784
18,15,2.25,8753884698730976,-8134.58943756757
19,15,2.16,3301459039598162,-6590.23844575814
20,15,2.1,1660064555024147,-5648.77626939096
21,15,1.75,3227025465233.41,-5634.99347384967
22,15,2.2,4716367624064972,-7469.09496061623
23,15,2.05,305435437554559,-7654.09701788398
24,15,1.91,18183611211336.3,-8466.92895778515
25,15,2.07,229602757884050,-9252.89919749292
26,15,2.13,1439316025823708,-7333.22570681768
27,15,2.08,505968541040466,-7725.67091126608
28,15,2.11,1062977291975373,-7203.53874298057
29,15,2.1,1307304285743044,-6244.56610948013
30,15,1.91,43709105074834.8,-6279.6018496512
31,15,2.08,909874028460863,-6262.11274083152
32,15,2.09,865812278890083,-6829.12991587142
33,15,2.13,1659813686118499,-6977.73758058326
34,15,1.91,22032060911677.2,-7988.13582288501
35,15,2.17,5143272101660746,-5926.86003123349
36,15,1.7,1518523292007.41,-5275.15364139237
37,15,1.96,53189938454341.8,-8015.45665192166
38,15,2.02,52108339357639.2,-10733.033570847
39,15,1.98,66117272837911.5,-8362.14438839322
40,15,2.08,578664580703703,-7390.85513662107
1,16,2.15,1392156870412321,-8301.4425284859
2,16,1.86,7512086752701.78,-8442.90490826668
3,16,1.96,19851878641224.1,-10473.4697461103
4,16,1.51,3556798082.59808,-11833.9709583615
5,16,1.97,16929367243677.7,-11315.3420491377
6,16,2.21,2792699476726254,-9217.83960462634
7,16,2.03,248168680913583,-7284.39119916782
8,16,2.06,407600847123356,-7378.03686658676
9,16,2.06,103796900312225,-10789.460431703
10,16,1.89,5670711224462.77,-10481.8561525412
11,16,2.05,288502333666748,-7796.34292563681
12,16,2.03,278708845936617,-6994.94006801338
13,16,1.81,4019069839745.16,-7770.70091098509
14,16,2.08,304242009940892,-8994.24656878247
15,16,2.16,2477438980851187,-7306.3634768215
16,16,1.94,90139587509246.2,-5810.10057659249
17,16,1.93,140812529637370,-4252.51090506518
18,16,1.98,280401110365221,-4758.8354133524
19,16,2.03,267605585252716,-7096.32983290772
20,16,2.13,2525177214682386,-5931.24050213178
21,16,1.65,920148530380.644,-4280.96392980292
22,16,2.17,802052975750080,-10561.385639
23,16,1.77,380499413222.37,-11861.6822464766
24,16,1.83,1548722428387.58,-11042.2832295715
25,16,1.95,29556077034894.5,-9036.04732182538
26,16,2.11,409158758566209,-9584.62481941453
27,16,2.02,207540410781137,-7286.32289961002
28,16,2.13,1853669469251364,-6702.24581981203
29,16,2,172298541409620,-6862.17274477103
30,16,1.95,108674777337398,-5788.68386229154
31,16,2.09,582745373075889,-7816.54885660992
32,16,2.15,2714455677189818,-6636.10596106754
33,16,2.07,380694847535449,-7991.81444959213
34,16,2.06,259372747353806,-8505.38016759617
35,16,2.18,3103566508826267,-7628.83116544387
36,16,1.9,28580391423709.1,-6893.65920110524
37,16,1.91,103710609815267,-4124.66616739263
38,16,2,138445004435618,-7407.74898971285
39,16,1.95,71422046509450.4,-6835.54817265384
40,16,2.07,1831850671121393,-4073.53119949004
1,17,2.28,4865247848319579,-10922.9228866659
2,17,1.93,36132070593575.2,-7644.97085264132
3,17,2.21,761827708898239,-12457.654181179
4,17,1.69,9236474934.24396,-17551.9572683912
5,17,1.99,52901008082230,-9362.77746902077
6,17,1.97,85026005022444.6,-7290.25716674521
7,17,1.99,185757702175058,-6230.26171114629
8,17,2.02,245241067743647,-6870.03538000288
9,17,2.01,78184499139393.1,-9277.02584338651
10,17,1.77,486508502565.142,-11248.7325066743
11,17,2.17,1699482936430651,-8688.62939575408
12,17,2.06,305671751572736,-8095.75160911027
13,17,2.02,108021449297337,-8914.89557068294
14,17,1.92,25696835867302.4,-8049.73752680914
15,17,1.95,90777587696245.5,-6237.47243943358
16,17,2.03,635203879057083,-4940.4368811626
17,17,1.99,362568390579768,-4562.34940059452
18,17,1.91,106577242281919,-4056.66581258134
19,17,2.17,7656649384608363,-4934.5348454112
20,17,1.94,75183302512399.8,-6262.5876846804
21,17,1.88,63133477068054.7,-4025.72722757176
22,17,2.17,2532437217886753,-7693.8772531815
23,17,1.99,15071533894412.2,-12494.2802888188
24,17,2.02,26931461247427.4,-12379.1479770758
25,17,2.09,28861975034065.2,-15311.5808846767
26,17,2.04,141314952104503,-9132.63508008819
27,17,2.07,297241594822376,-8608.96190836858
28,17,2.22,9306716152362272,-6657.44208337287
29,17,1.96,111907190454773,-6160.41790700643
30,17,2.13,1000650585839122,-8239.83871190496
31,17,1.95,65155234889291.5,-7064.5820306149
32,17,2.13,1189724390165682,-7808.19888697105
33,17,1.83,1694855498346.29,-10817.4063969357
34,17,2.02,144166159964656,-8195.0356134696
35,17,1.92,45226530620964.1,-6639.83940044486
36,17,2.11,472139024793817,-9227.55823389634
37,17,1.89,64685973620027.6,-4410.88692987832
38,17,1.97,311261562828868,-4053.8521114199
39,17,2.1,1195123080270440,-6468.32291065439
40,17,1.95,215451501879052,-4081.84985157386
1,18,1.84,1074308869639.36,-12400.8916024285
2,18,2.08,72788508781702.9,-12561.3284107699
3,18,1.7,13804760594.9783,-16998.1510603461
4,18,1.98,1368399992665.54,-18033.3473054849
5,18,2.16,2200524017488478,-7601.97688737199
6,18,1.92,64988983360264.5,-5735.67987010324
7,18,2.01,186986707354445,-7102.34233142018
8,18,1.89,16165084737017.3,-7869.29361997578
9,18,1.75,901047110979.331,-8816.7352717282
10,18,1.97,43074740603559.4,-8986.22802119184
11,18,2.05,183634296937084,-8923.02466329465
12,18,1.92,12997913142210.9,-9749.59567567446
13,18,2.11,936970660938559,-7518.22429535129
14,18,1.88,58405158656081.1,-4219.8775200769
15,18,2,245888730955730,-5975.18054159221
16,18,2.11,2193022819889254,-5397.3661402053
17,18,1.99,480086703195928,-3862.14992448931
18,18,2.04,828600999132825,-4721.37848286379
19,18,2.14,3438142122201808,-5604.16708331498
20,18,2.03,424094665597622,-5947.98624153122
21,18,1.96,127598761818548,-5833.15324145409
22,18,1.96,51466475652326,-8097.60555565078
23,18,1.85,3159217092138.14,-10157.0313252969
24,18,1.78,46358867493.8376,-17558.9871451394
25,18,1.84,72949693048.2061,-19108.9105123585
26,18,1.97,12682883969835.2,-12035.6004079725
27,18,2.14,946630349996499,-8820.87302785834
28,18,2.14,917448921630853,-8898.96458707552
29,18,2,103625465366063,-8130.23600576488
30,18,2.24,9445165689123542,-7503.67194255955
31,18,1.94,25338734908869.7,-8975.04940584657
32,18,2.02,70935672818667.2,-9963.76313822978
33,18,1.78,689315717165.416,-10826.9658619224
34,18,1.9,13287601536477.6,-8803.78757167402
35,18,2.14,1249363593826876,-8128.83567164264
36,18,2.02,547858266979251,-4865.42068004384
37,18,1.9,60109687286963.5,-5039.49453557913
38,18,2.03,734402416398240,-4578.52976568652
39,18,2.03,538908064331071,-5350.45304371062
40,18,1.96,197330603639125,-4745.79456562197
1,19,1.93,8963461381660.53,-11121.6676707033
2,19,2.28,186275801538228,-19059.9584170423
3,19,2.11,18581755315517,-17295.8808840952
4,19,1.99,45491275125500.3,-9739.12666539189
5,19,2.08,765084849776007,-6694.37136745284
6,19,1.97,130806751863209,-6215.93198443341
7,19,1.96,78730088099118.8,-7037.41922744857
8,19,1.81,4045805406769.38,-7754.16531771688
9,19,1.99,52770710802207.2,-9368.92786733918
10,19,2.04,130286403467758,-9335.28747291441
11,19,1.75,434586981727.559,-10635.2638804195
12,19,2.11,630320281402722,-8506.9054936418
13,19,1.99,120758448053460,-7304.30504266126
14,19,1.76,4327812526131.09,-5350.54090784542
15,19,1.9,91169476366334.1,-4000.62098689712
16,19,2.06,1567395467186579,-4018.91265226393
17,19,2.04,1035954378091962,-4164.36939624246
18,19,1.96,156158771045467,-5329.40867310597
19,19,1.91,91033295121454.1,-4449.83164911343
20,19,2.01,342734191179574,-5591.18367929067
21,19,1.99,134047720877290,-7043.92244121169
22,19,2.1,787536109000380,-7508.55842114938
23,19,1.92,17614260031602,-8991.61923058885
24,19,2.11,355718015820619,-9933.69732213703
25,19,1.72,26180445696.8916,-16298.3803240126
26,19,1.68,14242916567.3977,-16023.2425268551
27,19,1.89,179249509143.952,-19096.8581164874
28,19,2.13,231804991139111,-11887.3366330504
29,19,2.09,488465601561431,-8256.69318271367
30,19,2.07,205587584357627,-9528.43265548137
31,19,1.99,47896118347660.3,-9610.65096770674
32,19,1.6,18486151313.1393,-11778.8904138516
33,19,1.97,52737205556399.4,-8481.48124324801
34,19,2.01,75260556153154.2,-9372.08523270159
35,19,2.18,3370240187172951,-7423.24556521606
36,19,2.02,345029128463099,-6018.61578541055
37,19,2.06,646449323592303,-6227.78803093631
38,19,2.07,1247918853186002,-5030.85186542246
39,19,2.03,560728513627118,-5251.46152939816
40,19,1.94,78250719427370.2,-6162.85547259026
1,20,2.06,191581046757361,-9260.95060173115
2,20,1.74,5771914349.37917,-20965.1326472518
3,20,1.93,2287233932633.83,-14528.0059648464
4,20,1.77,3256907791114.03,-6506.94239285373
5,20,1.84,11390353315606.8,-6512.33500313779
6,20,1.92,33456306741889,-7391.6396493706
7,20,1.88,8192057920982.09,-9118.68978654605
8,20,1.77,1269065195280.99,-8857.53153737423
9,20,2.05,84044282197708.7,-10872.3411343682
10,20,1.91,28520235149002.3,-7344.39667895195
11,20,1.8,3924062059608.7,-7383.53081142307
12,20,1.85,1822699042366.14,-11528.7459111921
13,20,1.77,814502413517.543,-9963.51691289085
14,20,1.84,7482381023481.65,-7560.35305072796
15,20,1.96,245222614438328,-4203.88349326233
16,20,1.88,72628682359064,-3676.29600791607
17,20,1.82,22438793946720.1,-3928.36301690812
18,20,1.9,53714231447513.3,-5320.0521540023
19,20,1.88,49794198823727.3,-4617.68481399726
20,20,2.09,653993989373243,-7528.87138659773
21,20,1.91,43175027892479.2,-6310.26349578555
22,20,1.93,60435269430356.1,-6362.07717363824
23,20,1.82,10774768073286.9,-5757.92206728214
24,20,1.76,1273809461539.28,-8400.82819981953
25,20,1.62,7412262401.11662,-14957.5552303372
26,20,1.71,26771874877.634,-15794.546512491
27,20,1.68,13637959490.3706,-16131.4887519017
28,20,1.67,41673418419.2574,-12896.9596450266
29,20,1.94,17865999748344.2,-9846.53979151763
30,20,1.97,37410049363948.6,-9337.87551815141
31,20,1.66,58340793104.0909,-11609.0168253742
32,20,1.93,5833978542255.38,-12192.7341118481
33,20,2.14,1587140834969327,-7532.02176151756
34,20,2.04,164258322136261,-8757.41472207636
35,20,1.99,118806463453619,-7344.94836810447
36,20,1.81,5371436775800.72,-7047.328840503
37,20,1.98,159364104010831,-6168.01915719369
38,20,2.26,12553648877945980,-7676.71563280768
39,20,1.84,8791898381768.25,-7158.12173077246
40,20,1.83,10325129973998.4,-6310.79019247659
1,21,1.63,74990792021.7312,-9635.34777553705
2,21,1.91,232052353707.28,-19344.0435193138
3,21,2.04,38945507411997.5,-12346.9713115548
4,21,1.93,38319554186447.9,-7498.37486439959
5,21,2.11,1851751567236825,-5819.2234741162
6,21,2.03,266185749160385,-7109.59748765286
7,21,1.76,1791856696278.65,-7549.77475188809
8,21,1.9,8691846550552.17,-9862.35583832506
9,21,1.74,870619510040.104,-8454.72676235125
10,21,1.83,4124029424069.11,-8599.6587575251
11,21,1.93,51657451239464.6,-6753.48158376616
12,21,1.75,2071613744788.34,-6740.41636119036
13,21,1.6,34710147389.5326,-10207.6449698493
14,21,1.82,6154030512617.43,-7154.81115845832
15,21,2.1,1828237811095358,-5408.1150758327
16,21,1.92,125491975079114,-4094.56790394658
17,21,1.96,217560686093310,-4502.38686220786
18,21,1.92,144794373781662,-3737.74431290587
19,21,1.9,73337239751777,-4543.44414335294
20,21,2.02,785582556891753,-3966.56079204372
21,21,1.91,82924966816356.3,-4682.494752766
22,21,2.02,119670990913452,-8659.4690119095
23,21,1.98,125799280186535,-6757.85994420428
24,21,1.94,31246891059046.7,-8452.3428292989
25,21,1.88,3289954216547.15,-11393.9447625242
26,21,2.08,26316183912670.6,-15098.6591381226
27,21,1.78,209528909078.87,-13796.9150123791
28,21,1.86,553588104998.353,-14946.8769521899
29,21,1.8,234453979480.218,-14410.68336372
30,21,2,25770861208946.4,-11600.7334266858
31,21,1.83,1212439500395.26,-11652.8042174033
32,21,1.98,35328566830277.1,-9925.22928746254
33,21,2.19,2674346861885887,-8442.09762658222
34,21,2.03,132638640224771,-8846.83291827641
35,21,2.15,573568698183613,-10512.9516671645
36,21,1.96,50769773609730.8,-8131.59744805092
37,21,2.15,4721798627335334,-5255.43168599076
38,21,2,206623298210387,-6409.09115188687
39,21,2.1,833102403480829,-7368.27754118804
40,21,2.16,2413182537799999,-7371.90311865204
1,22,1.5,4773041340.10154,-10648.9936375677
2,22,1.94,1487361524061.52,-16046.3636427706
3,22,1.94,12339438353331.5,-10769.5665680022
4,22,2.07,52221274163251,-12946.1658161664
5,22,1.98,76182447268428.5,-8008.74194751363
6,22,1.82,9553903679689.44,-6057.84371859912
7,22,1.99,318287347024322,-4887.21419536523
8,22,2.14,816893104670584,-9188.4897042891
9,22,2,118777269579510,-7789.88743045955
10,22,2.04,155409841566456,-8895.51886749797
11,22,1.95,89687380764754.5,-6267.60581309935
12,22,1.77,2429414025351.44,-7238.00394524175
13,22,2,194599929839314,-6558.61021973977
14,22,1.93,49838136162058.5,-6842.90138964205
15,22,1.95,172208430447795,-4640.58138693222
16,22,1.81,25000105526995.3,-3212.09400523109
17,22,2.02,692620437330579,-4280.66366551713
18,22,1.99,547826715087969,-3532.96111743858
19,22,2.05,550804146991351,-6183.53267991899
20,22,2.09,2020824799927006,-4715.23320628071
21,22,2.05,855105195340828,-5086.55874863558
22,22,2.06,453515208073342,-7111.82624858757
23,22,2.09,1077539368523973,-6283.52441635828
24,22,2.16,2743402335613791,-7052.04151588668
25,22,1.94,78934107592467.3,-6141.1691450356
26,22,1.73,215370006815.535,-11490.6362714262
27,22,1.96,6814514284674.37,-13140.1639165633
28,22,2.1,34395954184894.1,-15317.1982889673
29,22,2.04,6915832558466.93,-16657.4763772692
30,22,2.03,19030028362648.8,-13689.2089266363
31,22,1.83,1457046934899.64,-11194.4636459821
32,22,1.76,340379680904.237,-11692.1738729908
33,22,2.21,2377995240504928,-9618.75231341145
34,22,1.91,13479733334550.8,-9213.46641380433
35,22,1.79,252242687567.732,-13781.3174337495
36,22,2.04,89454878408320.2,-10273.0334294283
37,22,1.8,5380877258521.36,-6596.11499801931
38,22,2.06,570989051852354,-6537.35521610659
39,22,2.23,4056926352319868,-9169.82251315114
40,22,2.06,105837458882940,-10740.9062363485
1,23,1.73,79576359785.0955,-13973.7635531921
2,23,1.98,2341964699706.86,-16693.2013346569
3,23,1.64,22708619990.7141,-13064.05782323
4,23,1.93,1041897406391.96,-16489.0374607231
5,23,2.13,80129290833490.5,-14536.6005961061
6,23,2.18,811642930847589,-10973.9004671088
7,23,2.03,448088609209470,-5810.73068974665
8,23,2.03,72132773582004.6,-10365.9780521066
9,23,2.05,257126533951618,-8083.48926933149
10,23,2.15,1961858825100608,-7445.90537205317
11,23,1.96,106865453661131,-6275.38948717722
12,23,2.06,163706426139465,-9653.09768592862
13,23,2.11,1345427492369149,-6615.85741181187
14,23,1.9,22466435621107.4,-7493.96106771493
15,23,1.79,5356953397269.23,-6160.2544217812
16,23,1.98,516207047014731,-3236.7800747462
17,23,1.99,490003239144914,-3811.15939034715
18,23,1.98,324692086688209,-4393.07486906264
19,23,1.95,199509510966986,-4273.5734223139
20,23,1.93,122957514968837,-4590.67371112212
21,23,1.96,330553606020701,-3459.16907144185
22,23,2.09,916186448302140,-6688.08979375192
23,23,1.9,22995594981912.3,-7435.90017461737
24,23,1.96,12266718719889.3,-11674.1034044509
25,23,2.09,284207427898191,-9607.35554715997
26,23,1.82,3357216231450.7,-8666.16295539407
27,23,1.88,3121299377760.77,-11525.1896828843
28,23,1.72,164967235939.718,-11707.5894799684
29,23,1.89,767719701122.557,-15468.9711098442
30,23,2,4171003663701.2,-16142.5262741077
31,23,1.86,476966735269.628,-15318.4185230926
32,23,1.87,845433535447.734,-14336.8602351298
33,23,1.99,7797251639358.22,-14137.9172560106
34,23,1.69,21444296925.0669,-15451.2650085065
35,23,1.87,140643297553.595,-18810.1551867232
36,23,2.33,17066960922130766,-9996.35298784057
37,23,2.13,2065098822731223,-6432.86661061652
38,23,2.18,1775834343840801,-9021.18540489301
39,23,2.19,227024943081083,-14593.3006553374
40,23,1.82,101158054041.155,-17400.6079106726
1,24,2.2,1350363048552620,-10588.2545954166
2,24,1.83,1885560003254.44,-10551.4777230654
3,24,1.72,340852876312.752,-9897.68357353382
4,24,1.96,1448568218399.81,-17002.0709368406
5,24,1.96,17371241067168.5,-10806.3753952588
6,24,1.86,7996332180724,-8287.10555440684
7,24,1.93,64679707748635.7,-6192.79779455862
8,24,1.65,65738438551.3671,-10862.2590395925
9,24,2.1,356590735536108,-9484.60574127693
10,24,2.07,897069096998503,-5854.120355173
11,24,1.82,4525913412266.83,-7921.18697958889
12,24,1.82,5725535566768.04,-7334.80598465752
13,24,1.89,26801411477161.9,-6608.32497532798
14,24,1.95,108587081353441,-5790.69722807223
15,24,2.06,571863340952224,-6533.53936472602
16,24,1.98,220767115875173,-5355.18259563856
17,24,1.95,130577594371777,-5330.76572237609
18,24,1.9,71053592661802.3,-4622.3396064156
19,24,1.93,207205095130325,-3289.12940356138
20,24,2.09,2421308690081754,-4264.31194547488
21,24,1.89,70151438130380.4,-4208.5938010027
22,24,2.1,1687174299625906,-5608.37689283989
23,24,2.04,311865095589790,-7158.43554239477
24,24,2.15,3878477632062643,-5746.11889940496
25,24,2.11,609151054300003,-8592.10502236855
26,24,1.85,6426620219751.76,-8385.9807424358
27,24,1.85,2433540605236.26,-10807.9079761588
28,24,1.77,475475658377.988,-11305.9415981423
29,24,1.91,1421643836164.77,-14823.4038973861
30,24,2.06,10515358537227.4,-16499.7208412507
31,24,1.73,74883876719.6537,-14125.3450270847
32,24,1.85,588376209627.324,-14348.7294590956
33,24,2.07,7050895355027.09,-17939.9901875685
34,24,1.83,23153099548.3027,-21524.707310122
35,24,2.02,1432988670875.28,-19695.379087954
36,24,2.43,25651337501324080,-13378.9844557944
37,24,2.18,1434798943733701,-9553.02001822426
38,24,1.96,1062183904158.92,-17775.8308390575
39,24,1.99,488792705569.299,-21045.2700074676
40,24,1.69,785972657.255852,-23697.1572733842
1,25,1.99,167085484967962,-6494.47003699045
2,25,2,122428603135623,-7714.37416477407
3,25,2.05,129947162890432,-9785.49559003187
4,25,1.53,2660202800.71957,-13460.7359879808
5,25,1.66,98439049130.7637,-10304.3156233328
6,25,1.78,242267660567.523,-13434.8325267549
7,25,1.8,696576836355.844,-11694.9199117567
8,25,1.69,126263685460.13,-11029.6181669793
9,25,2.07,720714438727956,-6400.0317514694
10,25,2.06,687285448753630,-6075.01831797544
11,25,1.75,1208956306803.43,-8083.61108688284
12,25,1.63,111099437745.236,-8655.05538015852
13,25,1.81,7592606061543.2,-6184.20667139612
14,25,2.07,1344464937042763,-4845.00180057199
15,25,2.09,1018645329934955,-6423.70328412583
16,25,1.92,70360867707052.5,-5537.60767845712
17,25,1.92,176517938453595,-3243.66325667131
18,25,2.15,7188789821931404,-4207.12105583477
19,25,2.01,321034238609129,-5754.30977013044
20,25,1.93,150158345248274,-4092.24411165818
21,25,1.92,155033191644626,-3567.34273671397
22,25,1.96,78368431844552,-7048.90211465332
23,25,2.16,3000493658121286,-6828.63411003638
24,25,2.14,2566597149376334,-6333.28870549686
25,25,2.1,1714744120498304,-5567.9522675874
26,25,1.92,13937993256597.8,-9575.44059803576
27,25,1.74,289284214265.747,-11202.6044738096
28,25,1.68,90311905758.6166,-11416.8005886665
29,25,2,8492410491562.84,-14369.2519019746
30,25,1.95,1719338169437.97,-16129.8560815667
31,25,1.98,1702768736334.27,-17488.1254213139
32,25,1.75,41201816761.8936,-16510.9128009032
33,25,1.69,13476130955.5104,-16609.8244994258
34,25,1.98,342627536337.74,-21486.9225107521
35,25,1.81,9601143880.8118,-22826.7881849916
36,25,1.72,1929051489.34386,-22802.693314985
37,25,1.9,125452870741.939,-20432.4529026738
38,25,1.82,7720766361.36649,-23817.0976784694
39,25,1.65,1145790782.6899,-20961.9334507904
40,25,1.5,16965564.3153542,-24714.0396102194
1,26,2.03,596617656351949,-5096.73473921536
2,26,2.02,337762831372480,-6071.70026848976
3,26,1.77,1683247029871.04,-8153.11589912941
4,26,1.76,1633677542532.13,-7780.2670101113
5,26,1.86,9198684252307.05,-7937.75227280812
6,26,1.74,296494135215.406,-11141.2076981293
7,26,1.64,17217882662.481,-13754.3871826152
8,26,1.98,42784144928495.1,-9447.68890900628
9,26,2.05,756592289522586,-5391.82428794161
10,26,1.87,23779279607785.3,-6015.07975640196
11,26,1.89,14637519449292.6,-8116.8620151917
12,26,1.91,31296260620424.1,-7112.74203552502
13,26,2.04,396073093589081,-6562.29954674207
14,26,2,478735519621915,-4313.5052231399
15,26,1.97,83158712262242.2,-7345.63936303623
16,26,1.74,6667891243725.41,-3377.30714868748
17,26,2.08,6063427979038724,-1531.682005993
18,26,1.95,460108561737868,-2189.58563514343
19,26,1.97,305247267766718,-4102.51362929806
20,26,2.03,875871065995260,-4139.18232237182
21,26,1.89,66299576626302.3,-4349.43695343692
22,26,2,146536255415356,-7266.09051747566
23,26,2.01,161097625990022,-7474.01561165477
24,26,1.92,47776152798437.5,-6503.06159617928
25,26,2.12,664732750631459,-8817.19320475099
26,26,2.03,100863115362823,-9529.85007233494
27,26,1.75,34037954223.5562,-16987.2821361028
28,26,1.8,230666861358.588,-14451.2976750871
29,26,1.95,4036422618023.47,-14001.428153981
30,26,1.9,912934615446.34,-15482.5260401627
31,26,2.09,5205181102950.18,-19583.4798880004
32,26,1.87,129309974714.489,-19019.6872341639
33,26,1.92,290251575915.374,-19231.2750143035
34,26,2.01,1478669875367.13,-19173.0394135623
35,26,1.96,227010507724.401,-21624.2874443236
36,26,1.72,2420622103.19812,-22236.5649199885
37,26,1.81,12146086945.6085,-22240.3869083606
38,26,2.12,4816919173595.17,-21105.7560341309
39,26,1.62,1193753572.31271,-19511.6817933998
40,26,1.84,22546903629.3779,-22037.2962836112
1,27,2.09,2154633390186776,-4555.33078621626
2,27,2.25,24934114227555320,-5524.02150441964
3,27,2.21,6395561110696446,-7151.32245047111
4,27,2.15,3176622229601671,-6243.98183739677
5,27,2.1,1051915387677293,-6786.64832919849
6,27,1.6,45886344941.6262,-9511.48103084714
7,27,1.74,79037871914.7224,-14438.5258694527
8,27,1.84,8739257401639.87,-7173.09929421848
9,27,2.04,841888395743796,-4681.70212674477
10,27,2.06,820264081991206,-5633.88799446395
11,27,1.81,6766384329015.22,-6471.53546170097
12,27,2.08,753625917312135,-6732.0073947006
13,27,2.09,1508238320672553,-5444.88645105367
14,27,2.03,628731770014716,-4965.97865782639
15,27,1.97,163751485456114,-5655.70753646006
16,27,1.86,50205480715593.5,-3705.27530383636
17,27,2.04,1228868253200070,-3738.46771889295
18,27,1.91,125921433733592,-3640.69611967441
19,27,2.1,4608747481721241,-3102.15378226365
20,27,2.05,1247609338242992,-4144.42537643173
21,27,1.82,21655275121535.2,-4017.00539882404
22,27,1.78,875359751721.46,-10231.0605867026
23,27,1.85,1506544498825.01,-12003.8523520817
24,27,1.72,169745680335.076,-11636.3747196312
25,27,1.99,63986815063104.7,-8888.28236583738
26,27,2,96286050781894.6,-8313.44436711307
27,27,1.82,1636046169474.4,-10458.924150629
28,27,1.67,14318668861.9112,-15561.2980416842
29,27,1.68,25814975731.8935,-14540.0730020359
30,27,1.77,176438430278.75,-13778.352812062
31,27,1.79,64274082161.5234,-17191.202014572
32,27,1.89,99109919761.7362,-20574.6758368941
33,27,2.02,2433624472191.31,-18374.5081659382
34,27,1.96,701357804436.308,-18811.0008983165
35,27,1.82,15344343022.0245,-22104.1355663763
36,27,1.62,470883857.285947,-21831.7163354464
37,27,1.49,14224192.4181297,-24701.9802818271
38,27,1.6,232133727.958045,-22696.2844672936
39,27,1.57,55684733.145654,-24906.3963394608
40,27,1.75,1848512845.48442,-24252.5404530745
1,28,2.12,3591649626172084,-4609.86059378508
2,28,2.11,1085670963674614,-7150.85434314175
3,28,2.06,2316125201313125,-3045.05474955305
4,28,2.06,580416957947171,-6496.51172022264
5,28,2.01,215246178390108,-6751.32465506173
6,28,1.7,413811858231.112,-8517.55865163203
7,28,2.04,364684377942044,-6768.22042881955
8,28,1.86,21838542014863.2,-5781.40013512435
9,28,1.84,27165609279148.1,-4344.587583719
10,28,2.02,507040366459183,-5058.52111883648
11,28,2,252003085884246,-5913.92238339513
12,28,2.03,313583873433069,-6700.89949021576
13,28,2.29,11610473230410956,-9194.58046389106
14,28,2.01,369518768455651,-5403.51930885363
15,28,1.99,395541904990279,-4345.26262256477
16,28,2.18,10852859820913094,-4506.65070977759
17,28,1.88,94066224195918,-3031.25001940696
18,28,2.02,1348095570882165,-2619.74434286001
19,28,2.17,12234897185069848,-3765.55259582377
20,28,2.04,1212476722422561,-3771.95835006287
21,28,1.85,27167017017464.1,-4790.74293513123
22,28,2.14,193746735851499,-12777.2470322043
23,28,2.2,1343479441522776,-10601.0005175424
24,28,2.11,445704389879775,-9371.25642095892
25,28,1.87,1372496879196.02,-13128.4240989874
26,28,1.51,1677527434.69774,-13708.311171933
27,28,1.87,2777589588192.36,-11370.2741192531
28,28,1.64,20452168122.1614,-13325.0691145073
29,28,1.84,125893380326.458,-17748.0212701493
30,28,1.68,40085092226.103,-13442.5889953623
31,28,1.76,87908192781.6133,-15068.4730034148
32,28,1.91,188112026300.483,-19867.5973142847
33,28,1.6,585362513.282683,-20389.5396813001
34,28,1.92,186511675972.194,-20334.2570070611
35,28,1.75,8525568860.98023,-20439.9918303951
36,28,1.82,26407660343.3505,-20750.1248618259
37,28,1.88,210322456773.16,-18252.4125057419
38,28,1.94,154900949487.646,-21687.7247111257
39,28,1.57,88783100.6713939,-23742.969517515
40,28,1.57,68207818.3210296,-24400.4805140375
1,29,2.2,11603374611863984,-5223.85390667758
2,29,2.02,352827349151304,-5962.87489138845
3,29,2.06,2469979288954772,-2884.65526437205
4,29,2.16,5251796342973494,-5432.50949312012
5,29,2.1,1182725520568662,-6494.32943946021
6,29,2.18,6078750283710479,-5952.24666734441
7,29,2.17,6284766303817391,-5426.96470232829
8,29,2,350053825887503,-5094.28026223151
9,29,2.04,1135110083734454,-3936.40151035348
10,29,1.99,404322560177530,-4290.50376095474
11,29,2.05,438893395563174,-6749.97681088984
12,29,2.1,2335185310570063,-4797.73677815226
13,29,1.99,253523603408885,-5454.59334188956
14,29,2.08,1358509000431806,-5262.42552607185
15,29,2.03,623694101081238,-4986.04214320883
16,29,1.96,286050845780718,-3819.79963936225
17,29,1.82,27018344120117.6,-3465.16558107879
18,29,2.07,2118176764834060,-3711.33019685152
19,29,2.1,4037827085308291,-3431.98385331381
20,29,1.98,492761436155450,-3352.7081387971
21,29,2.07,1419891087235023,-4708.86917497737
22,29,2,47302892310208.4,-10086.0598919808
23,29,1.84,631967097631.561,-13724.1967538894
24,29,1.95,2912908632338.6,-14814.9876565665
25,29,1.83,454478794950.403,-14100.0129571717
26,29,1.83,106899654674.38,-17709.4810658819
27,29,1.92,450708334362.636,-18133.7345198012
28,29,1.65,67475303403.5241,-10797.2209082461
29,29,1.8,1387361023852.45,-9976.6023635234
30,29,1.83,1253233921606.26,-11570.2705205208
31,29,1.79,103315921873.098,-16007.4622661405
32,29,2.12,8466087831191.59,-19699.3047166306
33,29,2.02,618001251635.701,-21792.9005236233
34,29,1.99,747644016550.436,-19985.3487723092
35,29,2.02,1115698340975.27,-20319.5816958903
36,29,1.84,151368466277.725,-17288.4227662093
37,29,1.71,3368456724.03777,-20964.3521230902
38,29,1.87,27539819147.4247,-22876.8565081426
39,29,1.79,5239220533.09511,-23443.6194599887
40,29,1.52,21588553.0076952,-25015.7412615219
1,30,2.01,434154069912227,-5001.49165246489
2,30,2.03,682773654289475,-4760.32671394336
3,30,1.85,39936984041228.2,-3829.8067676043
4,30,2.14,5302583789856739,-4523.60924972441
5,30,1.97,120801268979883,-6414.39020681586
6,30,2.2,8811255227389803,-5910.36746842747
7,30,2.21,15400888101153782,-4959.54286802551
8,30,1.88,39087883346842.4,-5221.44719231027
9,30,2.19,11553051448384852,-4792.76606807782
10,30,1.85,25476657773893.1,-4950.95993005564
11,30,2.24,36890169773824880,-4105.74141888242
12,30,2.26,38165720000069320,-4903.57129106433
13,30,2.09,1104778927347405,-6221.26128246948
14,30,2.05,1383281950242827,-3886.97048020843
15,30,2.08,2623392078302474,-3621.17302934636
16,30,1.9,101790171721402,-3725.79864134782
17,30,1.8,11416958399120.3,-4720.00746638341
18,30,1.93,198058849221909,-3401.72077332225
19,30,1.93,342128558987572,-2038.44459482613
20,30,1.93,304109683437017,-2332.23313799962
21,30,2.02,1098012519735469,-3131.49110319743
22,30,1.84,17800987886563.5,-5398.79603054281
23,30,2.15,420781040336754,-11285.5058585183
24,30,1.61,78368861685.4077,-8626.33994332843
25,30,1.88,884948038303.923,-14668.8161580753
26,30,1.88,315840820405.445,-17238.3608539375
27,30,1.9,48106627250.8229,-22822.9773609323
28,30,2.02,10499535130481.7,-14728.4066504932
29,30,2.03,121522093954895,-9065.13859970636
30,30,1.75,484018663312.69,-10366.591860116
31,30,1.78,67396034941.8288,-16625.7981922815
32,30,1.79,9139652840.23838,-22055.8339874124
33,30,1.69,568371806.741113,-24505.5779229046
34,30,1.93,163844528468.757,-21102.6401212045
35,30,1.86,52034484588.192,-20843.9755004054
36,30,1.78,39652865128.4463,-17948.6731080699
37,30,1.87,483842509397.098,-15728.7369333856
38,30,1.68,911219761.849324,-22879.8243403378
39,30,1.72,1734261776.84645,-23068.1711149606
40,30,1.41,2649823.51527286,-25273.8608459607
1,31,2.14,3815838580330712,-5344.21944054434
2,31,1.84,35177743787835.4,-3699.98386625177
3,31,1.89,64090499034766,-4433.95207788535
4,31,1.9,48174779180248.9,-5591.50498352796
5,31,2.21,9510063656149556,-6161.83693670278
6,31,1.99,367941784433633,-4525.65864272877
7,31,2.04,833123313111906,-4707.80381367788
8,31,2.14,2414975179582332,-6485.1532181228
9,31,1.97,256557237368542,-4535.89694403142
10,31,2.05,1160711459500150,-4324.48231621239
11,31,2.2,19264307303892412,-3959.50052844266
12,31,1.89,121809696213681,-2832.39549130565
13,31,2.09,2188920274139542,-4515.95599250628
14,31,1.96,317135200346375,-3562.52207849447
15,31,2,631791428136210,-3621.6421215775
16,31,1.91,97996110771194.4,-4266.0176843934
17,31,1.99,302418830980731,-5014.76151445841
18,31,2.03,1253916593720899,-3244.31439316703
19,31,2.22,25445139453057848,-4149.00572859991
20,31,1.98,410797236092211,-3806.43009807225
21,31,2.04,686759259731615,-5189.63927119276
22,31,1.83,21925351356004.3,-4432.65147839364
23,31,2.08,427657521722560,-8145.04150825874
24,31,2.13,1396812377932787,-7407.98398276595
25,31,2.14,875750234863586,-9014.97543338627
26,31,1.81,311589322354.657,-14148.1575062248
27,31,1.52,1644538153.86119,-14209.1104579423
28,31,2.06,5636049215891.68,-18055.1128694004
29,31,1.81,855784744699.042,-11628.3874237388
30,31,1.86,231283055372.621,-17123.5868033041
31,31,1.84,16907084824.7577,-22755.2315704276
32,31,1.86,21854992422.0372,-23007.4638426239
33,31,1.92,49845486518.1305,-23625.2543412744
34,31,1.83,11497592410.2401,-23270.4848729142
35,31,2.08,5797289954167.72,-18871.5662487024
36,31,1.8,133461476565.287,-15815.918804863
37,31,2.17,58378453166791,-17096.2337500165
38,31,1.82,40568409467.8605,-19679.362026989
39,31,1.75,1738171953.42602,-24406.0398907187
40,31,1.51,9278539.18504706,-26670.5571998672
1,32,2.1,2430367056107266,-4698.09886508643
2,32,2,358922424714229,-5031.88201060942
3,32,1.97,244631243951594,-4654.61093845037
4,32,2.03,672126190964543,-4799.52565589166
5,32,2.16,6914329843317834,-4746.5949775834
6,32,2.03,285432838047122,-6935.48539208027
7,32,2.2,13588537894351082,-4829.97482847134
8,32,2.21,14162863630661984,-5168.54474437528
9,32,1.86,41956474351106.5,-4152.92696114705
10,32,2.03,686389956596235,-4747.15213224347
11,32,2.05,492347312301600,-6463.34678321052
12,32,1.94,263142709422037,-3138.1859358621
13,32,2.09,1879286250444250,-4896.331759451
14,32,2.16,5021102305704242,-5544.54168459737
15,32,2.1,3224308665194150,-3993.10426754662
16,32,2.04,968209489129872,-4333.03838431617
17,32,2.02,681968988983001,-4319.31556167673
18,32,1.99,598231331674300,-3313.44298389481
19,32,1.99,458771147036444,-3975.41549279535
20,32,1.99,597180553820815,-3317.82748211396
21,32,1.9,77633243716956.7,-4401.46768595435
22,32,1.92,135973402610980,-3894.50549725846
23,32,1.99,342958067849115,-4701.02810011568
24,32,2.12,300068931244825,-10800.8531227093
25,32,2.13,539282906145913,-9781.54308935415
26,32,1.96,35117274699591,-9050.90580935031
27,32,1.93,17249728357205,-9488.99568867251
28,32,2.3,3648442280359133,-12522.456026156
29,32,1.69,10862057783.7951,-17147.6412932705
30,32,1.94,394244426423.674,-19357.8667936564
31,32,1.94,167141100093.658,-21498.0498027225
32,32,1.92,148604749169.662,-20900.9031637543
33,32,1.82,50305346802.9397,-19142.8485123935
34,32,1.75,4526537744.12511,-22018.9741488286
35,32,1.81,10699490858.07,-22556.653290082
36,32,1.68,1315300473.49347,-21964.4357686152
37,32,1.85,30434315114.118,-21735.4481771558
38,32,1.7,2543512538.63945,-21216.6709763588
39,32,1.72,1044778945.16127,-24332.0717226563
40,32,1.5,18953450.9555953,-24437.7035068031
1,33,2.07,1833478788311044,-4071.31555989584
2,33,1.92,109666077811230,-4430.7633945101
3,33,1.87,42193619924171.1,-4584.88441742184
4,33,1.86,34572645103279.4,-4635.69051753789
5,33,2.03,307822629311246,-6747.14604376681
6,33,2.03,611759424721594,-5034.2285106444
7,33,2.11,1288643345967651,-6723.40319487416
8,33,2.12,2424580841754273,-5589.88523155441
9,33,1.9,99004483904021.7,-3795.00318439359
10,33,2.25,12627650871258562,-7220.80939643615
11,33,2.1,1508036018667471,-5888.32081893239
12,33,1.99,351852262667034,-4637.17374266022
13,33,2.1,1872309565345873,-5348.70756606673
14,33,2.18,11227815855506504,-4421.94041690198
15,33,1.91,112778763846749,-3915.61002174928
16,33,1.87,50471881353587.4,-4138.09091817353
17,33,1.9,72818566849629.8,-4561.14546741765
18,33,2.08,1888044901929230,-4441.51526275292
19,33,2.15,6059375819932936,-4633.38568140339
20,33,1.95,205170764981281,-4203.78949894814
21,33,1.93,189375444193962,-3513.53348469143
22,33,2.11,2681920386465173,-4895.44309140266
23,33,1.81,14560821892332.6,-4560.21462218068
24,33,2.13,1476933184088214,-7268.88113964396
25,33,2.24,9031701287161526,-7615.30909318355
26,33,1.86,4492722037213.01,-9724.95690099408
27,33,1.98,13484975512813.1,-12327.2399794534
28,33,1.94,26048929700053.9,-8906.10918041861
29,33,1.98,6031978364424.88,-14333.6657148902
30,33,1.9,126173805333.675,-20418.1617645507
31,33,1.85,33827621949.6557,-21471.8150993875
32,33,1.73,11432042418.8636,-18812.864046628
33,33,1.9,137839776287.366,-20197.6133407394
34,33,1.59,475936383.622165,-20455.7121373687
35,33,1.66,526243013.709363,-23351.5013843753
36,33,1.71,1281695193.66669,-23374.2323021232
37,33,1.5,17612248.4133228,-24620.7417353502
38,33,1.79,4347425399.39515,-23908.9722423529
39,33,1.57,35374441.0310617,-26037.9652007384
40,33,1.3,218133.458398002,-26505.9476247133
1,34,2.09,644881455821206,-7563.86632263107
2,34,2.03,628258815752058,-4967.85543876667
3,34,2,249737719405051,-5936.44342346693
4,34,1.98,234016519088610,-5209.82395646498
5,34,2.08,981573044649406,-6072.94216064842
6,34,2.12,2848114643412654,-5188.35475792438
7,34,2.08,738272187291038,-6783.34274330344
8,34,1.89,19766138585069.2,-7367.7086997494
9,34,1.96,282904508192368,-3847.38368750185
10,34,2.06,825947539544095,-5616.66712289535
11,34,2.24,22390648356078640,-5350.99992396349
12,34,2.18,5202306905306264,-6340.55490195092
13,34,2.18,5267615860046932,-6309.44050896632
14,34,2,347957128247375,-5109.26334984934
15,34,1.89,62954895441918.7,-4478.53883059238
16,34,1.96,363452574890643,-3222.53840727742
17,34,1.82,16706709989738.8,-4664.04537902203
18,34,2.14,2504134730131749,-6394.73512284399
19,34,2.14,3240545371092750,-5751.78595739504
20,34,1.94,128308432055118,-4929.52516759507
21,34,2.02,1241751608019821,-2824.67616895626
22,34,2.1,2333582441839637,-4799.44924490267
23,34,2.04,628696601663126,-5409.94680673112
24,34,2.12,2687513957364292,-5333.10816363676
25,34,2.11,2572732356499457,-4999.10518423771
26,34,2.18,1885755146358439,-8871.40079411765
27,34,1.96,1653857645297.5,-16671.528913806
28,34,1.88,815874385747.881,-14871.4998604816
29,34,2,5793558011047.26,-15323.0230162665
30,34,1.93,962989323459.221,-16685.4560074254
31,34,1.8,70531331632.8623,-17406.4818691404
32,34,1.91,131394362337.542,-20762.5304809511
33,34,1.93,73641132032.7938,-23097.1274663823
34,34,1.67,500737893.663226,-23924.2703260403
35,34,1.35,467585.653290283,-26878.051242807
36,34,1.43,4007803.04042722,-25147.8328797525
37,34,1.62,109180755.438545,-25476.9633469157
38,34,1.41,1648111.90778675,-26458.1684331732
39,34,1.04,1282.22345289597,-27404.2276773159
40,34,1.6,110921174.225219,-24538.0880351429
1,35,1.87,19036276768373.7,-6569.91528360661
2,35,2.03,991712754478382,-3829.39108959778
3,35,1.93,188182235582196,-3529.29728632787
4,35,2.18,6540757906031505,-5769.55139805042
5,35,2.12,1332502720021472,-7082.79298895178
6,35,2.08,509132399053799,-7710.12430476671
7,35,2.22,3323677480445981,-9225.42525085373
8,35,2.1,1325616425714422,-6209.87367585189
9,35,2.19,9075088544551340,-5394.85871847291
10,35,1.97,257747451418864,-4524.35359548559
11,35,2.11,1712357088190945,-6014.40677908545
12,35,2.27,20426031249234728,-6903.77537235389
13,35,2.13,2312906220041392,-6150.2296801897
14,35,2.19,11568275582771966,-4789.48174130908
15,35,1.98,262055613306869,-4927.590350435
16,35,1.96,385777950356443,-3073.86327275231
17,35,1.73,3218532236266.88,-4746.05421943218
18,35,2.1,2972955539383447,-4195.52222267361
19,35,1.75,4065292380450,-5059.06686706921
20,35,1.92,176367341550203,-3245.79192976223
21,35,2.24,17413811720275934,-5977.94094368107
22,35,2.06,1072791191750279,-4964.51639667861
23,35,2.19,11442703462459390,-4816.70178929064
24,35,1.93,172987704338580,-3739.26792631058
25,35,1.88,74669375738552.8,-3607.18695088985
26,35,2.11,850841531272103,-7758.71092275476
27,35,1.89,1103102695880.16,-14565.0022872734
28,35,1.66,10037303415.909,-15998.4395288558
29,35,1.86,103566390921.132,-19127.3398343828
30,35,1.91,453488795543.766,-17673.0446799339
31,35,1.78,24681726362.4195,-19131.0786565001
32,35,2,561204398940.773,-21145.0582781899
33,35,1.76,4863817418.25574,-22287.2796856686
34,35,1.72,1822182203.8942,-22944.835427803
35,35,1.38,1052133.16043731,-26217.3199322483
36,35,1.34,478532.509231608,-26365.9886184238
37,35,1.34,358452.21182397,-27086.5770397887
38,35,1.09,3317.3940847655,-27337.0363577959
39,35,1.44,3257376.93855321,-26117.5516643737
40,35,1.52,15389309.8931515,-25859.935609013
1,36,2,209908441813693,-6369.75048587933
2,36,1.97,281805164160895,-4301.79978493652
3,36,2.06,1832720539076768,-3628.88548796382
4,36,2.08,2269142883585280,-3982.96761064483
5,36,2.05,174891127717133,-9044.68849323121
6,36,1.99,102768973606650,-7706.60908750654
7,36,2.08,342182688894295,-8701.1484404384
8,36,2.17,4987625437720840,-6003.49950464173
9,36,2.14,4633395608845605,-4860.06036729347
10,36,2.06,807800688440170,-5672.07358918323
11,36,2.17,6138870918181802,-5485.54333160598
12,36,2.06,887448694035908,-5437.54941438258
13,36,2.11,2681429519788027,-4895.8996051553
14,36,2.26,25553100453513652,-5904.11189854084
15,36,1.94,180558506379036,-4077.53020116607
16,36,1.89,84393396639331.1,-3747.62066676091
17,36,1.88,39838358477404.3,-5174.01705137128
18,36,2.01,553359906755961,-4396.42444511804
19,36,1.93,101531988483086,-5068.18737784961
20,36,1.9,46989571608403.6,-5653.63035935098
21,36,1.98,162896930783247,-6113.33539461956
22,36,1.98,196447268008548,-5646.26814084867
23,36,1.89,82687883162317.6,-3798.5383801221
24,36,1.98,411049293158657,-3804.9002982348
25,36,1.76,12860104229512.8,-2634.40631438672
26,36,1.99,387662436267615,-4395.44635368796
27,36,1.93,4285137820929.47,-12962.249028675
28,36,1.92,723047151558.787,-16954.9354063745
29,36,1.85,161821811809.621,-17568.1611166532
30,36,1.94,181748484204.32,-21289.0889902972
31,36,2.01,1211280937501.98,-19670.5039392104
32,36,1.88,127395355764.696,-19502.7708587194
33,36,1.94,87046123141.4593,-23125.1359942885
34,36,1.8,5173493211.13877,-23922.0790697124
35,36,1.21,38208.6676158239,-26744.8897205073
36,36,1.62,119711390.73475,-25247.3184376463
37,36,1.41,1338579.9558455,-26976.972849044
38,36,1.2,30333.8886089535,-26863.2178464393
39,36,1.29,189256.154245628,-26404.7625683909
40,36,0.88,49.9589101160843,-28077.0080380697
1,37,1.99,199851812500893,-6047.8679931642
2,37,2.05,1016926314122946,-4654.31003525913
3,37,1.93,110088996803315,-4866.38488344589
4,37,1.99,254062767045012,-5449.29503329618
5,37,2.02,388675359221309,-5721.54148085488
6,37,2.16,2120537825161854,-7694.31916809018
7,37,2,227318064327201,-6171.03166611765
8,37,2.09,1542118349406999,-5389.48291916291
9,37,1.9,87012166162478.5,-4117.02145935356
10,37,2.09,854790604060481,-6861.08201043049
11,37,2.23,11850754865883354,-6496.33946754145
12,37,2.11,2089352513248218,-5518.14222890692
13,37,1.92,85222989421497.2,-5059.67254694151
14,37,2.17,6434075903422838,-5368.40666024294
15,37,2.06,1355821483297352,-4380.56203646748
16,37,1.94,139762994450539,-4716.26048319679
17,37,2.04,270937217238588,-7509.30040348451
18,37,1.86,46538597395854.3,-3894.42569707747
19,37,2.03,577811621272563,-5176.6139823292
20,37,2.15,5748469610325246,-4764.75246789158
21,37,1.94,207773139578933,-3727.39268019874
22,37,1.93,43946854168637.1,-7156.6451762637
23,37,1.8,8737013243271.38,-5387.2308573867
24,37,2,367362744705708,-4973.91275376864
25,37,2.09,2613758543824188,-4073.56816804325
26,37,1.81,18009773593981.8,-4030.03985737938
27,37,2.09,477535180406505,-8313.13544314171
28,37,1.82,374282871823.808,-14137.6387063413
29,37,1.76,48217091977.6004,-16566.3181330373
30,37,1.9,827800765964.18,-15726.6680854901
31,37,2.05,1485148485556.54,-20937.6988385125
32,37,1.82,35412441248.2099,-20018.3626325107
33,37,1.9,47957468407.9666,-22830.7222410664
34,37,1.75,4245072537.8175,-22179.0850704969
35,37,1.55,70107893.0460059,-23430.9188533451
36,37,1.82,5624234700.76656,-24607.2685637097
37,37,1.27,80067.2441234572,-27638.8735464382
38,37,1.37,662121.723558087,-26918.5851360754
39,37,0.93,162.566353628681,-27462.047244099
40,37,0.82,15.3613372715785,-28213.2455594761
1,38,1.94,153204519384883,-4487.24727340411
2,38,2.03,637538869402237,-4931.28582143522
3,38,1.68,1313794353548.87,-4739.35156047593
4,38,2.09,2088584279713009,-4632.97930692467
5,38,1.81,12943258826577.2,-4853.90654370016
6,38,2.19,8100031369712918,-5678.33973376655
7,38,2.08,507779323362846,-7716.76120881713
8,38,2.1,1093270186310261,-6690.47795706529
9,38,2.05,1373825463934226,-3904.07867789056
10,38,2.19,5120610011505152,-6822.07406672965
11,38,2.06,417752453066822,-7316.68282083487
12,38,2.05,410388348372735,-6917.45551083468
13,38,1.95,93438193693986,-6165.42635575085
14,38,2.06,682443889306430,-6092.64939181438
15,38,1.99,131066496134912,-7100.01515484258
16,38,2.34,56240691084713528,-7462.63300605149
17,38,2.17,3222571588731493,-7092.82947671815
18,38,2.01,491685400403485,-4691.13926264374
19,38,2.18,4410537474431091,-6752.32827963711
20,38,1.95,157011664441588,-4870.99069849579
21,38,1.9,63556099333637.7,-4900.44915914924
22,38,1.83,17806351281676.7,-4951.62383889777
23,38,2.03,342317919364562,-6482.24295116239
24,38,1.91,149785992867690,-3207.86393980854
25,38,1.93,154667004912409,-4018.46142063863
26,38,1.97,247746062265677,-4623.05602961211
27,38,2.02,446968943384141,-5373.01827074141
28,38,1.82,2047183944628.56,-9899.81248560634
29,38,1.68,84055594583.274,-11595.8470390195
30,38,1.9,581500884937.068,-16607.4491525247
31,38,1.83,53978870546.6661,-19413.6260380726
32,38,1.87,124550352274.885,-19113.2181117251
33,38,2.05,3290463899697.46,-18953.6874206762
34,38,1.79,19591014246.3786,-20154.2871739762
35,38,1.93,46262250015.3265,-24256.531788495
36,38,1.68,234357470.723402,-26266.5179645268
37,38,0.96,257.270909974801,-27709.82684264
38,38,1.04,1472.07780095312,-27059.8580794978
39,38,0.99,521.248026801601,-27338.6516035125
40,38,0.77,6.70899997299751,-27930.8248653596
1,39,1.88,62653562318667.2,-4044.7580148205
2,39,2.1,2281391437554237,-4855.86122799496
3,39,1.86,16576614446305.8,-6468.95467754685
4,39,2.15,6659654441469853,-4397.80043928076
5,39,2.06,1044519884859954,-5031.12241494039
6,39,2.16,7918101097132827,-4408.51988562335
7,39,2.09,653802255048470,-7529.60267086537
8,39,2.35,52405356436369656,-8079.04520794674
9,39,2.25,17238924943605888,-6444.47462755216
10,39,2.14,1780182881310084,-7245.75565095078
11,39,2.28,11197039660075644,-8844.09465783616
12,39,2.07,308581373711270,-8515.58574527087
13,39,2.18,3473058940048849,-7348.29654917988
14,39,2.04,325288631874341,-7053.33295069897
15,39,2.23,8918595716545890,-7205.26660914923
16,39,2.2,12673920610458020,-5003.75736844502
17,39,1.89,15790882318972.1,-7927.70546459626
18,39,2.05,612646260804869,-5918.15010237614
19,39,2.04,779735632221426,-4872.97329569508
20,39,2.09,1725133979192771,-5109.78657087476
21,39,2.18,3879488055946689,-7072.29191382707
22,39,2.02,117552928026321,-8704.00574531301
23,39,2.06,439023885120978,-7192.81885935435
24,39,1.92,51875846926638.7,-6297.73884344826
25,39,1.89,60047131683395.9,-4596.47695488836
26,39,2.06,1007187150473810,-5121.89377338091
27,39,2.15,7873806174481478,-3980.12033618479
28,39,2.1,938563705852881,-7071.00729052271
29,39,1.79,839484533905.654,-10782.5408535977
30,39,1.92,3395841413661.83,-13097.1353713736
31,39,1.78,69789483513.9252,-16538.7647126616
32,39,1.9,469409555653.371,-17141.5064649053
33,39,1.97,497197606818.32,-20113.7190269808
34,39,1.92,301561351637.067,-19135.94078338
35,39,2.11,2985234175213.98,-21856.1648917584
36,39,1.64,1579657543.58709,-19711.9058759245
37,39,1.74,4189303525.63636,-21764.3830931677
38,39,1.61,81970239.2383664,-25742.2272635575
39,39,1.03,1323.63401523099,-26863.4268866592
40,39,0.83,20.180658106799,-28001.1681840847
1,40,1.99,404125136591064,-4291.72183464436
2,40,1.84,27931949215145.6,-4275.2061042671
3,40,1.94,62532035425905,-6722.10761615033
4,40,1.94,174533522975553,-4162.17164395089
5,40,2.01,536760189140482,-4472.384692391
6,40,2.14,2183132327452003,-6736.86843939294
7,40,1.96,108377587660832,-6240.3470141085
8,40,1.98,119331125339315,-6889.50680049922
9,40,2.27,8972081609700970,-8955.57025878111
10,40,2.19,5179318798903454,-6793.64254954552
11,40,2.05,503515812762301,-6407.40454112003
12,40,2.18,1807977042495550,-8976.44753708728
13,40,1.97,85110922404368.5,-7287.76759588829
14,40,2,160047352975832,-7046.12756741846
15,40,2.05,292964354017467,-7758.06559201796
16,40,1.97,170352153153732,-5557.1500493543
17,40,2.14,2121384133358675,-6808.42609845453
18,40,2.12,909058102869236,-8036.51152195541
19,40,2.13,1601609433964354,-7066.76424978116
20,40,1.99,128612643871243,-7147.15093719603
21,40,1.95,40273925154478.8,-8264.36664672234
22,40,1.97,25030867703020.5,-10340.0385319078
23,40,2.08,286245357576190,-9146.31605740167
24,40,2.09,875739926842915,-6800.69571549857
25,40,1.83,18728752445746.4,-4825.66511777
26,40,2.05,1297155464356460,-4047.29761376606
27,40,1.96,315963670121960,-3571.75223147994
28,40,1.98,172292104049219,-5973.48773296122
29,40,2.12,223267020096459,-11538.1886711086
30,40,1.87,708087851544.813,-14779.0000102918
31,40,1.89,1260966521807.18,-14231.4256327591
32,40,1.97,1734146878566.41,-16998.0064456014
33,40,2.06,12487048746467.6,-16071.1142202601
34,40,2.01,3697464485830.22,-16887.2775401484
35,40,1.85,387864061770.852,-15388.0082733535
36,40,1.5,1791242248.99561,-13093.2990071711
37,40,1.95,1090128230789.5,-17266.2324652664
38,40,1.84,57270571065.8359,-19712.4165369349
39,40,1.67,520130871.837632,-23829.5041653016
40,40,0.85,30.3693200712725,-27917.6089899015
